Date,Ticker,Headline,Source,Next_Day_Return,Label
2025-12-27,NVDA,"Nvidia Stock Is ‘Ripe’ for Gains in 2026, According to This Top Analyst - Yahoo Finance",Yahoo Finance,-0.003612835671873982,NEUTRAL
2025-02-26,NVDA,NVIDIA Announces Financial Results for Fourth Quarter and Fiscal 2025 - NVIDIA Newsroom,NVIDIA Newsroom,-0.0847807065374725,DOWN
2025-12-30,NVDA,"Nvidia's Competitive Moat Just Got Better, Analyst Says; Is Nvidia A Buy Or Sell Now? - Investor's Business Daily",Investor's Business Daily,,NEUTRAL
2025-12-07,NVDA,Why Nvidia and Other AI Stocks Have Lost Their ‘Quality’ Status - The Wall Street Journal,The Wall Street Journal,-0.0031258519079242486,NEUTRAL
2025-12-27,NVDA,Nvidia Investors Just Got Incredible News for 2026 - The Motley Fool,The Motley Fool,-0.003612835671873982,NEUTRAL
2025-12-29,NVDA,1 Incredible Reason to Buy Nvidia Stock Before Feb. 25 - Yahoo Finance,Yahoo Finance,-0.003612835671873982,NEUTRAL
2025-08-27,NVDA,NVIDIA Announces Financial Results for Second Quarter Fiscal 2026 - NVIDIA Newsroom,NVIDIA Newsroom,-0.00787445113463825,DOWN
2025-12-26,NVDA,Nvidia Rises Amid AI Chip Partnership News; Is Nvidia A Buy Now? - Investor's Business Daily,Investor's Business Daily,-0.012124062212741427,DOWN
2025-12-03,NVDA,Alphabet Just Delivered Bad News for Nvidia Stock Investors - The Motley Fool,The Motley Fool,0.02116050235556166,UP
2025-12-05,NVDA,ChatGPT Thinks Nvidia Stock Price Will Close At This Price By The End of 2025 - Yahoo Finance,Yahoo Finance,0.01721396484079274,UP
2025-05-28,NVDA,NVIDIA Announces Financial Results for First Quarter Fiscal 2026 - NVIDIA Newsroom,NVIDIA Newsroom,0.03249021742145208,UP
2025-12-11,NVDA,Why Nvidia (NVDA) Stock Is Down Today - Yahoo Finance,Yahoo Finance,-0.032664503634346365,DOWN
2025-11-19,NVDA,NVIDIA Announces Financial Results for Third Quarter Fiscal 2026 - NVIDIA Newsroom,NVIDIA Newsroom,-0.03152475142545741,DOWN
2025-12-28,NVDA,Nvidia Stock Had a Volatile 2025: What’s the 2026 Forecast? - Yahoo Finance,Yahoo Finance,-0.003612835671873982,NEUTRAL
2025-01-27,NVDA,"Nvidia stock plummets, loses record $589 billion as DeepSeek prompts questions over AI spending - Yahoo Finance",Yahoo Finance,0.08925855796323345,UP
2025-12-06,NVDA,Where Will Nvidia Stock Be in 3 Years? - Yahoo Finance,Yahoo Finance,-0.0031258519079242486,NEUTRAL
2025-12-30,NVDA,Nvidia Becomes a 'Must Own' Stock as AI Boom Fuels 35% Upside Potential - Yahoo Finance,Yahoo Finance,,NEUTRAL
2025-09-30,NVDA,"Nvidia (NVDA) Stock Trades Up, Here Is Why - Yahoo Finance",Yahoo Finance,0.0035374096693667756,NEUTRAL
2025-11-15,NVDA,BofA Maintains Buy Rating on NVIDIA (NVDA) Stock - Yahoo Finance,Yahoo Finance,-0.028081496281955554,DOWN
2025-09-05,NVDA,"Nvidia (NVDA) Stock Trades Down, Here Is Why - Yahoo Finance",Yahoo Finance,0.007723537011001813,UP
2025-10-13,NVDA,Why Nvidia (NVDA) Stock Is Trading Up Today - Yahoo Finance,Yahoo Finance,-0.044020878931481766,DOWN
2025-11-05,NVDA,Nvidia (NVDA) Stock Sinks As Market Gains: What You Should Know - Yahoo Finance,Yahoo Finance,-0.03652479239708739,DOWN
2025-12-22,NVDA,The Case for Nvidia Stock Hitting $275 in 2026 - Yahoo Finance,Yahoo Finance,0.030050651636426062,UP
2025-01-15,NVDA,Is NVIDIA (NVDA) the Stock That Will Go to the Moon According to Reddit? - Yahoo Finance,Yahoo Finance,-0.019597736277898847,DOWN
2025-08-20,NVDA,Nvidia Stock Is Falling Hard for No Real Reason. Should You Buy the Dip in NVDA Here? - Yahoo Finance,Yahoo Finance,-0.002394523760180123,NEUTRAL
2025-12-10,NVDA,Will NVIDIA (NVDA) Stock Hit $500 by 2030? - Yahoo Finance,Yahoo Finance,-0.015507705530775517,DOWN
2025-10-14,NVDA,"‘History Lesson’ – Nvidia (NVDA) Stock Up 4,600% Since Jim Cramer First Recommended It - Yahoo Finance",Yahoo Finance,-0.0011108861160341599,NEUTRAL
2025-12-29,NVDA,"This Stock Quietly Outperformed Nvidia In 2025, and I Think It Will Keep Beating It - The Motley Fool",The Motley Fool,-0.003612835671873982,NEUTRAL
2025-12-30,NVDA,What’s next for Nvidia stock in 2026 - thestreet.com,thestreet.com,,NEUTRAL
2025-12-29,NVDA,Nvidia Stock Slips. Analysts Question Price Tag for Groq Technology. - Barron's,Barron's,-0.003612835671873982,NEUTRAL
2025-10-09,NVDA,NVDA: Nvidia Stock Breaks New Record After Cantor Hikes Price Target to $300 - Yahoo Finance,Yahoo Finance,-0.048865313503278496,DOWN
2025-10-10,NVDA,Why Nvidia (NVDA) Stock Is Trading Lower Today - Yahoo Finance,Yahoo Finance,0.028172094324491193,UP
2025-11-19,NVDA,"Stocks making the biggest moves after hours: Nvidia, Palo Alto Networks, Oddity Tech, AMD and more - CNBC",CNBC,-0.03152475142545741,DOWN
2025-12-29,NVDA,Chip sales could top $1T in 2026. Is Nvidia still top AI play? - Yahoo Finance,Yahoo Finance,-0.003612835671873982,NEUTRAL
2025-11-21,NVDA,"Nvidia's stock is on an ‘epic run,’ but chasing the AI trend could be dangerous. How to safeguard your tech investments - Yahoo Finance",Yahoo Finance,0.020516570501995846,UP
2025-12-30,NVDA,"Nvidia, in the Last Days of 2025, Just Made a Game-Changing Move - The Motley Fool",The Motley Fool,,NEUTRAL
2025-04-16,NVDA,Nvidia Stock Crashed on Bad News From Washington. Should Investors Buy the Dip? - Yahoo Finance,Yahoo Finance,-0.028710980347365855,DOWN
2025-12-29,NVDA,Nvidia stock rises as Bernstein reiterates Outperform rating - Investing.com,Investing.com,-0.003612835671873982,NEUTRAL
2025-12-02,NVDA,Nvidia Invests $2 Billion in Synopsys -- Should You Buy NVDA Stock Now? - Yahoo Finance,Yahoo Finance,-0.010305343286772684,DOWN
2025-03-06,NVDA,Nvidia leads chipmaker stocks lower as investor fears over AI demand continue to weigh - Yahoo Finance,Yahoo Finance,0.019173398134321173,UP
2025-12-29,NVDA,Nvidia Shares Dip: Time to Worry? - StocksToTrade,StocksToTrade,-0.003612835671873982,NEUTRAL
2025-10-04,NVDA,Citi Lifts PT on NVIDIA (NVDA) Stock - Yahoo Finance,Yahoo Finance,-0.0026948223486520373,NEUTRAL
2025-01-10,NVDA,Nvidia stock sell-off: Time to back up the truck? - Yahoo Finance,Yahoo Finance,-0.01971899126324339,DOWN
2025-06-06,NVDA,Nvidia Stock (NVDA) Preserves Pack Leader Status Following Q1 - Yahoo Finance,Yahoo Finance,0.006421226791596402,UP
2025-12-14,NVDA,BofA Says Nvidia (NVDA) GPUs Remain a Full Generation Ahead of Rivals - Yahoo Finance,Yahoo Finance,0.00811167955658898,UP
2025-01-28,NVDA,Portfolio manager pours cold water on Nvidia's stock bounce back - CNBC,CNBC,-0.04101097397439435,DOWN
2025-01-03,NVDA,"Nvidia stock jumps, leads 'Magnificent 7' gains to start 2025 after end-of-year tech sell-off - Yahoo Finance",Yahoo Finance,0.03433231590814412,UP
2025-01-27,NVDA,"S&P 500 slides, Nasdaq drops 3% in sharp AI stock sell-off spurred by China's DeepSeek: Live updates - CNBC",CNBC,0.08925855796323345,UP
2025-03-27,NVDA,"Death Cross Pattern Appears for NVIDIA Stock: Buy, Hold, or Sell? - Yahoo Finance",Yahoo Finance,-0.015794678560537734,DOWN
2025-12-24,NVDA,Nvidia (NASDAQ: NVDA) Stock Price Prediction for 2026: Where Will It Be in 1 Year (Dec 24) - Yahoo Finance,Yahoo Finance,0.010179726222003582,UP
2025-02-27,NVDA,"Nvidia stock sinks over 8%, market cap dips below $3T as earnings are no match for sky-high expectations - Yahoo Finance",Yahoo Finance,0.03970040893054194,UP
2025-11-20,NVDA,"Stocks making the biggest moves midday: Nvidia, Exact Sciences, Walmart, Strategy, Regeneron & more - CNBC",CNBC,-0.009743140680959717,DOWN
2025-05-19,NVDA,Nvidia stock wavers as market turmoil eclipses AI chip announcements - Yahoo Finance,Yahoo Finance,-0.008777788572304046,DOWN
2025-12-16,NVDA,Think It's Too Late to Buy Nvidia Stock? Here's the 1 Reason Why There's Still Time. - Yahoo Finance,Yahoo Finance,-0.038149891586355955,DOWN
2025-03-05,NVDA,Why Nvidia (NVDA) Stock Is Slipping Today - Yahoo Finance,Yahoo Finance,-0.057374232956406646,DOWN
2025-12-19,NVDA,Nvidia Jumps As China Chip Sales Move Toward Approval. Is Nvidia A Buy Now? - Investor's Business Daily,Investor's Business Daily,0.014917933953784823,UP
2025-03-26,NVDA,"Nvidia stock sinks 5% amid tech rout, report on China environmental guidelines - Yahoo Finance",Yahoo Finance,-0.020481692938275953,DOWN
2025-05-13,NVDA,"Nvidia stock surges, tops $3 trillion market cap amid flurry of trade optimism - Yahoo Finance",Yahoo Finance,0.04163775685974369,UP
2025-12-15,NVDA,Nvidia Stock Is Climbing -- J.P. Morgan Call Recent Dip a Buying Opportunity - Yahoo Finance,Yahoo Finance,0.00811167955658898,UP
2025-12-13,NVDA,The Saturday Spread: Here’s How to Properly Trade the Nvidia (NVDA) Stock Discount - Yahoo Finance,Yahoo Finance,0.00811167955658898,UP
2025-04-22,NVDA,Why Nvidia Stock Is Jumping Today - Yahoo Finance,Yahoo Finance,0.03862884555151935,UP
2025-12-27,NVDA,"Palantir, Nvidia Lead 5 Stocks Near Buy Points Heading Into Final Days Of 2025 - Investor's Business Daily",Investor's Business Daily,-0.003612835671873982,NEUTRAL
2025-11-10,NVDA,Where Will Nvidia Stock Be in 5 Years? - The Motley Fool,The Motley Fool,-0.029590588624919145,DOWN
2025-12-19,NVDA,"Nvidia Stock Looks ‘Cheap,’ Analysts Say - Investor's Business Daily",Investor's Business Daily,0.014917933953784823,UP
2025-12-29,NVDA,Nvidia Closes $5 Billion Purchase of Intel Shares. Both Stocks Drop. - Barron's,Barron's,-0.003612835671873982,NEUTRAL
2025-11-24,NVDA,Nvidia Stock Rises. What’s Giving It a Boost Today. - Barron's,Barron's,-0.02591070699981468,DOWN
2025-07-09,NVDA,Nvidia's stock market value hits $4 trillion on AI dominance - Reuters,Reuters,0.007490180176567662,UP
2025-02-18,NVDA,Nvidia Stock Has Almost Recovered From DeepSeek Rout. There’s More Good News. - Barron's,Barron's,-0.0012195041836285947,NEUTRAL
2025-08-19,NVDA,Why Nvidia (NVDA) Stock Is Falling Today - Yahoo Finance,Yahoo Finance,-0.0013664420020655932,NEUTRAL
2025-03-01,NVDA,"Nvidia’s stock price will jump more than 50% as the chipmaker remains in a 'dominant position,' BofA says - Fortune",Fortune,0.016920933409269034,UP
2025-11-29,NVDA,Where Will Nvidia Stock Be in 1 Year? - Yahoo Finance,Yahoo Finance,0.008559374639807826,UP
2025-12-29,NVDA,Prediction: 1 Artificial Intelligence (AI) Stock That Will Outperform Nvidia in 2026 - The Motley Fool,The Motley Fool,-0.003612835671873982,NEUTRAL
2025-05-29,NVDA,Nvidia earnings live: Nvidia stock pops as Wall Street looks through China sales hit - Yahoo Finance,Yahoo Finance,-0.029168774144625265,DOWN
2025-01-12,NVDA,Jim Cramer Reveals the Next Best Time to Buy NVIDIA (NVDA) Stock - Yahoo Finance,Yahoo Finance,-0.011033713698769154,DOWN
2025-08-04,NVDA,Is Nvidia Stock Still a Buy? - The Motley Fool,The Motley Fool,-0.009666678479423485,DOWN
2025-11-20,NVDA,"Nvidia stock slides after Q3 earnings, forecasts top estimates with sales for AI chips 'off the charts' - Yahoo Finance",Yahoo Finance,-0.009743140680959717,DOWN
2025-07-09,NVDA,Nvidia briefly touched $4 trillion market cap for first time - CNBC,CNBC,0.007490180176567662,UP
2025-03-19,NVDA,Nvidia stock rises as GTC leaves Wall Street analysts 'comfortable with long term AI demand' - Yahoo Finance,Yahoo Finance,0.008594236683764134,UP
2025-03-04,NVDA,Nvidia’s stock is doing things not seen in nearly a decade — and that’s good news - MarketWatch,MarketWatch,0.011294052905463259,UP
2025-11-19,NVDA,Stocks Tumble as Early Rally Gives Way to Tech Anxiety - The New York Times,The New York Times,-0.03152475142545741,DOWN
2025-11-02,NVDA,Is Nvidia Stock a Buy? - The Motley Fool,The Motley Fool,-0.039588169738104084,DOWN
2025-10-31,NVDA,Nvidia's CEO Shares Game-Changing News (NASDAQ:NVDA) - Seeking Alpha,Seeking Alpha,0.02168008099085683,UP
2025-11-20,NVDA,"Nvidia stock closes nearly 3% lower, wiping out post-earnings rally - CNBC",CNBC,-0.009743140680959717,DOWN
2025-03-03,NVDA,Nvidia stock tumbles over 8% to close at lowest level since September - Yahoo Finance,Yahoo Finance,0.016920933409269034,UP
2025-12-01,NVDA,Should You Buy Nvidia Stock (NVDA) in December? - The Motley Fool,The Motley Fool,0.008559374639807826,UP
2025-12-16,NVDA,Is It Too Late to Buy Nvidia Stock? - The Motley Fool,The Motley Fool,-0.038149891586355955,DOWN
2025-10-26,NVDA,Should You Buy Nvidia (NVDA) Stock Before Nov. 19?? - The Motley Fool,The Motley Fool,0.04981986311030795,UP
2025-07-30,NVDA,Should You Buy Nvidia (NVDA) Stock Before Aug. 27? Here's What History Says. - Yahoo Finance,Yahoo Finance,-0.007809523923024808,DOWN
2025-11-20,NVDA,Nvidia Stock Gives Back Gains After Earnings. Where Shares Could Go Next. - Barron's,Barron's,-0.009743140680959717,DOWN
2025-10-09,NVDA,"Nvidia stock climbs to record amid reported UAE export approval, price target raise: 'This is not a bubble' - Yahoo Finance",Yahoo Finance,-0.048865313503278496,DOWN
2025-06-25,NVDA,Nvidia shares hit record as AI chipmaker again becomes world's most valuable company - CNBC,CNBC,0.004601093364170028,NEUTRAL
2025-01-30,NVDA,Why Nvidia Stock Is Taking a Hit Today? - Yahoo Finance,Yahoo Finance,-0.03674290229414623,DOWN
2025-12-14,NVDA,"Prediction: 1 Unstoppable Stock to Buy Before It Soars 369%, According to a Certain Wall Street Analyst - Yahoo Finance",Yahoo Finance,0.00811167955658898,UP
2025-10-15,NVDA,Nvidia stock rises on HSBC upgrade as analyst sees 'continuous earnings growth' - Yahoo Finance,Yahoo Finance,0.01101039374584789,UP
2025-08-27,NVDA,Massive News for Nvidia Stock Investors! - The Motley Fool,The Motley Fool,-0.00787445113463825,DOWN
2025-11-20,NVDA,Nvidia shares rise after strong results ease 'AI bubble' concerns - BBC,BBC,-0.009743140680959717,DOWN
2025-11-10,TSM,Taiwan Semiconductor (TSM) Stock Is a Buy Despite Slowing Sales Growth - Yahoo Finance,Yahoo Finance,-0.013885484804842418,DOWN
2025-11-29,TSM,"This Google, Nvidia Partner Leads 5 Stocks Near Buy Points - Investor's Business Daily",Investor's Business Daily,0.015329552728670537,UP
2025-12-27,TSM,"If I Could Only Buy and Hold a Single Stock, This Would Be It. - The Motley Fool",The Motley Fool,-0.004453099812819716,NEUTRAL
2025-10-16,TSM,Chip stocks mixed despite TSM's bullish views on AI megatrend; analysts largely positive - Seeking Alpha,Seeking Alpha,-0.015875160633487817,DOWN
2025-10-27,TSM,Is Now the Time to Buy Taiwan Semiconductor Manufacturing (TSM) Stock? - Yahoo Finance,Yahoo Finance,0.010997416162771945,UP
2025-12-06,TSM,AI Plays Lead Five Stocks To Watch Near Buy Points - Investor's Business Daily,Investor's Business Daily,0.005101548457361105,UP
2025-11-25,TSM,Investors Heavily Search Taiwan Semiconductor Manufacturing Company Ltd. (TSM): Here is What You Need to Know - Yahoo Finance,Yahoo Finance,0.01854711655965602,UP
2025-10-08,TSM,LRCX vs. TSM: Which Semiconductor Stock Is the Better Bet Right Now? - Yahoo Finance,Yahoo Finance,-0.015236978409097213,DOWN
2025-12-09,TSM,Here’s What Sets Taiwan Semiconductor Manufacturing Company Limited (TSM) Apart from Competitors - Yahoo Finance,Yahoo Finance,0.022181318278458706,UP
2025-12-12,TSM,Bernstein Reiterates Outperform on TSM as Revenue Tracks Ahead of Guidance - Yahoo Finance,Yahoo Finance,-0.01472407267747855,DOWN
2025-09-30,TSM,Why Taiwan Semiconductor Manufacturing Company Limited (TSM) Is Among the Best Semiconductor Stocks with Huge Upside Potential? - Yahoo Finance,Yahoo Finance,0.03286902187816887,UP
2025-08-12,TSM,Taiwan Semiconductor Manufacturing Company Ltd. (TSM) is Attracting Investor Attention: Here is What You Should Know - Yahoo Finance,Yahoo Finance,-0.011666404464506952,DOWN
2025-09-09,TSM,Wall Street Loves Taiwan Semi. Should You Buy TSM Stock Now? - Yahoo Finance,Yahoo Finance,0.03794036912626053,UP
2025-09-22,TSM,Is Trending Stock Taiwan Semiconductor Manufacturing Company Ltd. (TSM) a Buy Now? - Yahoo Finance,Yahoo Finance,0.03697316837959708,UP
2025-08-01,TSM,Taiwan Semiconductor Manufacturing Company Ltd. (TSM) Is a Trending Stock: Facts to Know Before Betting on It - Yahoo Finance,Yahoo Finance,0.0161132146265468,UP
2025-07-09,TSM,TSMC (TSM) is a Great Momentum Stock: Should You Buy? - Yahoo Finance,Yahoo Finance,-0.008971748667107371,DOWN
2025-11-14,TSM,Is Taiwan Semiconductor Manufacturing (TSM) the Most Fantastic Stock to Buy Now? - Yahoo Finance,Yahoo Finance,-0.009865861669080767,DOWN
2025-07-30,TSM,Taiwan Semiconductor (TSM) Surges Nearly 40%—Should You Buy Now? - Yahoo Finance,Yahoo Finance,-0.005310629726232308,DOWN
2025-11-18,TSM,Taiwan Semiconductor Manufacturing Company (TSM) Board Approves Major Investment - Yahoo Finance,Yahoo Finance,0.01604838209754056,UP
2025-10-03,TSM,TSMC (TSM) Beats Stock Market Upswing: What Investors Need to Know - Yahoo Finance,Yahoo Finance,0.034942961893048574,UP
2025-10-09,TSM,Bank of America Lifts Taiwan Semiconductor Manufacturing (TSM) Price Outlook on Revenue and Earnings Growth Prospects - Yahoo Finance,Yahoo Finance,-0.06409237049913818,DOWN
2025-09-15,TSM,Jim Cramer Says Taiwan Semiconductor Manufacturing Company (TSM) Is A “National Treasure” - Yahoo Finance,Yahoo Finance,0.005764430630355033,UP
2025-10-23,TSM,A Fresh Look at TSMC's (NYSE:TSM) Valuation After Steady Recent Share Price Gains - Yahoo Finance,Yahoo Finance,0.014549533353990896,UP
2025-12-26,TSM,"TSMC Stock News Today (Dec. 26, 2025): Taiwan Semiconductor Outlook, Analyst Forecasts, and the Catalysts Moving TSM - ts2.tech",ts2.tech,-0.006339925153129533,DOWN
2025-10-07,TSM,Assessing TSMC (NYSE:TSM) Valuation Following Strong Year-to-Date Share Price Gains - Yahoo Finance,Yahoo Finance,0.035676541432962505,UP
2025-07-10,TSM,Taiwan Semiconductor Stock Rises On Strong June Sales - Investor's Business Daily,Investor's Business Daily,0.0027855445342430674,NEUTRAL
2025-12-16,TSM,Taiwan Semiconductor Manufacturing Company Limited (TSM) Surged on Strong Market Sentiment - Yahoo Finance,Yahoo Finance,-0.03454527775922012,DOWN
2025-08-20,TSM,Why Taiwan Semiconductor Stock Tumbled Today - Yahoo Finance,Yahoo Finance,-0.005555516017436535,DOWN
2025-09-22,TSM,Bernstein Expects Taiwan Semiconductor Manufacturing Company Limited (TSM) to Surpass Its Q3 Revenue Forecast - Yahoo Finance,Yahoo Finance,0.03697316837959708,UP
2025-11-26,TSM,TSMC (TSM) Laps the Stock Market: Here's Why - Yahoo Finance,Yahoo Finance,0.005345601460896132,UP
2025-10-03,TSM,Is There Still Opportunity in TSMC Shares After the Recent 26% Monthly Surge? - Yahoo Finance,Yahoo Finance,0.034942961893048574,UP
2025-10-16,TSM,Taiwan Semiconductor Smashes Q3 Earnings Target. But Stock Retreats. - Investor's Business Daily,Investor's Business Daily,-0.015875160633487817,DOWN
2025-12-06,TSM,Taiwan Semiconductor Manufacturing Company Stock (TSM) Opinions on Recent Revenue and Investment News - Quiver Quantitative,Quiver Quantitative,0.005101548457361105,UP
2025-11-21,TSM,NVDA vs. TSM: Which Stock Offers More Upside in Semiconductor Space? - Zacks Investment Research,Zacks Investment Research,0.03482884833837829,UP
2025-10-16,TSM,"4 stocks to watch on Thursday: TSM, SNOW, SCHW, BABA - Seeking Alpha",Seeking Alpha,-0.015875160633487817,DOWN
2025-10-09,TSM,TSM Stock: Taiwan Semiconductor Tops September Sales Target - Investor's Business Daily,Investor's Business Daily,-0.06409237049913818,DOWN
2025-11-10,TSM,Taiwan Semiconductor Manufacturing Company Limited (TSM) Posts Slowest Monthly Growth Since Early Last Year - Yahoo Finance,Yahoo Finance,-0.013885484804842418,DOWN
2025-12-12,TSM,Bernstein Remains Bullish On Taiwan Semiconductor Manufacturing Company Limited (TSM) - Yahoo Finance,Yahoo Finance,-0.01472407267747855,DOWN
2025-07-14,TSM,"TSM Likely to Beat Q2 Earnings Estimates: Buy, Hold or Sell the Stock? - Yahoo Finance",Yahoo Finance,0.036209372225231684,UP
2025-08-07,TSM,Why TSMC Stock Is Soaring Today - The Motley Fool,The Motley Fool,-0.003256141878006602,NEUTRAL
2025-08-05,TSM,Does Taiwan Semiconductor Manufacturing Company Limited (TSM) have an Unmatched Competitive Position in Leading-Edge Semiconductor Manufacturing? - Yahoo Finance,Yahoo Finance,-0.004731898167169346,NEUTRAL
2025-09-13,TSM,TSMC Stock Price Target Raised to $290 on Strong AI Demand - Yahoo Finance,Yahoo Finance,0.005764430630355033,UP
2025-09-03,TSM,"Taiwan Semiconductor Manufacturing Company Limited (TSM) Has A Better Balance Sheet Than The US Government, Says JIm Cramer - Yahoo Finance",Yahoo Finance,0.01650896996057183,UP
2025-10-11,TSM,Taiwan Semiconductor (TSM) Reports Solid Yearly Revenue Growth in September 2025 - Yahoo Finance,Yahoo Finance,-0.022945678574813,DOWN
2025-08-14,TSM,Taiwan Semiconductor Stocks: Analyzing TSM Vs. TSMY For Your Investment Strategy - Forbes,Forbes,-0.008796712494035797,DOWN
2025-09-22,TSM,Assessing TSMC (NYSE:TSM) Valuation After Recent Momentum in the Chip Sector - Yahoo Finance,Yahoo Finance,0.03697316837959708,UP
2025-11-19,TSM,Bank of America Securities Reiterates a Buy on Taiwan Semiconductor Manufacturing (TSM) - Yahoo Finance,Yahoo Finance,-0.017246926647325855,DOWN
2025-07-24,TSM,Analyst Says Taiwan Semiconductor (TSM) Among the Best AI Stocks to Buy on the Dip - Yahoo Finance,Yahoo Finance,0.016556225128578017,UP
2025-10-14,TSM,Bank of America Securities Reiterates Buy Rating on Taiwan Semiconductor Manufacturing (TSM) Stock - Yahoo Finance,Yahoo Finance,0.02963442275783712,UP
2025-07-12,TSM,"Taiwan Semiconductor Manufacturing Company Limited (TSM) Has The Right Approach In Dealing With President Trump, Says Jim Cramer - Yahoo Finance",Yahoo Finance,0.036209372225231684,UP
2025-10-06,TSM,"TSM Soars 18% in a Month: Should You Buy, Sell or Hold the Stock? - Zacks Investment Research",Zacks Investment Research,-0.027678498788346606,DOWN
2025-10-27,TSM,Is Now the Time to Buy Taiwan Semiconductor Manufacturing (TSM) Stock? - The Motley Fool,The Motley Fool,0.010997416162771945,UP
2025-07-12,TSM,Taiwan Semiconductor Manufacturing (TSM) Announces Net Revenue for June 2025 - Yahoo Finance,Yahoo Finance,0.036209372225231684,UP
2025-11-07,TSM,"TSM Stock Trades Near 52-Week High: Time to Hold or Book Profits? - November 7, 2025 - Zacks Investment Research",Zacks Investment Research,0.030610751791459778,UP
2025-11-15,TSM,Bank of America Securities Maintains Buy Rating on Taiwan Semiconductor Manufacturing (TSM) Stock - Finviz,Finviz,-0.014538482104647255,DOWN
2025-08-09,TSM,Taiwan Semiconductor Manufacturing Company Stock (TSM) Opinions on July 2025 Revenue Surge - Quiver Quantitative,Quiver Quantitative,0.009087477479110984,UP
2025-09-11,TSM,"Taiwan Semi, Partner To Nvidia And Apple, Rips Higher On August Sales Growth Spike - Investor's Business Daily",Investor's Business Daily,0.0016221448259248206,NEUTRAL
2025-10-13,TSM,"Should You Buy, Sell or Hold TSM Stock Before Q3 Earnings Release? - Zacks Investment Research",Zacks Investment Research,-0.022945678574813,DOWN
2025-09-05,TSM,TSM vs. ASML: Which Semiconductor Stock Has Better Upside Potential? - Zacks Investment Research,Zacks Investment Research,0.015529343398108963,UP
2025-09-09,TSM,Taiwan Semiconductor Stock Breaks Out On Solid Growth Outlook - Investor's Business Daily,Investor's Business Daily,0.03794036912626053,UP
2025-12-30,TSM,"With Taiwan Semi Earnings Due, This Option Trade Is For The Bulls - Investor's Business Daily",Investor's Business Daily,,NEUTRAL
2025-08-05,TSM,AMAT vs. TSM: Which Semiconductor Stock is the Better Buy? - Zacks Investment Research,Zacks Investment Research,-0.004731898167169346,NEUTRAL
2025-10-13,TSM,Prediction: Taiwan Semiconductor's Stock Will Soar on Oct. 16 - The Motley Fool,The Motley Fool,-0.022945678574813,DOWN
2025-09-10,TSM,Taiwan Semiconductor Marches Higher On August Sales Report - Investor's Business Daily,Investor's Business Daily,-0.005874695247900408,DOWN
2025-11-17,TSM,5 High-Flying Growth Stocks (Up 23% to 51% in 2025) It's Not Too Late to Buy -- Including Shopify and Taiwan Semiconductor - The Motley Fool,The Motley Fool,-0.014538482104647255,DOWN
2025-07-18,TSM,NVDA vs. TSM: Which Semiconductor Stock Is the Better AI Investment? - Zacks Investment Research,Zacks Investment Research,-0.006447478242226912,DOWN
2025-12-16,TSM,Why Taiwan Semiconductor's 6.5% Dip Could Be a Smart Buy - MarketBeat,MarketBeat,-0.03454527775922012,DOWN
2025-09-16,TSM,TSMC: Winning Quietly As AI Titans Battle - Seeking Alpha,Seeking Alpha,0.002785710799384722,NEUTRAL
2025-11-07,TSM,Taiwan Semiconductor Manufacturing Company Stock (TSM) Opinions on Q3 2025 Earnings and U.S. Expansion - Quiver Quantitative,Quiver Quantitative,0.030610751791459778,UP
2025-12-08,TSM,Taiwan Semiconductor Stock: Why Nvidia's Loss Is TSMC's Gain (NYSE:TSM) - Seeking Alpha,Seeking Alpha,0.005101548457361105,UP
2025-09-23,TSM,TSM: Will Growth Continue or Slow Down? - StocksToTrade,StocksToTrade,-0.007074435268267898,DOWN
2025-12-29,TSM,Taiwan Semiconductor Manufacturing Company Limited (TSM) Rebounded Strongly in Q3 - Yahoo Finance,Yahoo Finance,-0.004453099812819716,NEUTRAL
2025-10-12,TSM,TSMC: I Am Loading Up Before Earnings - Seeking Alpha,Seeking Alpha,-0.022945678574813,DOWN
2025-08-11,TSM,"Taiwan Semiconductor Stock: Own It, Don't Trade It - MarketBeat",MarketBeat,0.009087477479110984,UP
2025-07-10,TSM,Analyst Says Taiwan Semiconductor (TSM) One of the Top ‘Horsemen’ of Semiconductor Industry - Yahoo Finance,Yahoo Finance,0.0027855445342430674,NEUTRAL
2025-08-22,TSM,TSMC (TSM) Beats Stock Market Upswing: What Investors Need to Know - Nasdaq,Nasdaq,0.01115931561520278,UP
2025-10-05,TSM,Could Buying TSMC Stock Today Set You Up for Life? - The Motley Fool,The Motley Fool,-0.027678498788346606,DOWN
2025-11-21,TSM,3 Reasons to Buy Taiwan Semiconductor Stock Like There's No Tomorrow - The Motley Fool,The Motley Fool,0.03482884833837829,UP
2025-12-26,TSM,TSMC: Why 2026 Will Be Even Bigger (NYSE:TSM) - Seeking Alpha,Seeking Alpha,-0.006339925153129533,DOWN
2025-08-16,TSM,"Bernstein Reiterates Outperform on TSMC (TSM), Citing Strategic Chip Role - Yahoo Finance",Yahoo Finance,-0.03607973613293147,DOWN
2025-12-10,TSM,TSMC: China's Tech Independence Ambitions Create Serious Risks - Seeking Alpha,Seeking Alpha,-0.014403313091552183,DOWN
2025-09-23,TSM,"TSM Stock Is Gaining Today, And There’s An Nvidia Angle To It - Stocktwits",Stocktwits,-0.007074435268267898,DOWN
2025-11-20,TSM,"Taiwan Semiconductor, IBD Stock Of The Day, Gets Brief Lift From Key Customer Nvidia - Investor's Business Daily",Investor's Business Daily,-0.008792830852879963,DOWN
2025-10-18,TSM,TSMC: Understanding The Golden Goose Of AI - Seeking Alpha,Seeking Alpha,-0.010715434736354168,DOWN
2025-08-05,TSM,AMAT vs. TSM: Which Semiconductor Stock is the Better Buy? - Yahoo Finance,Yahoo Finance,-0.004731898167169346,NEUTRAL
2025-07-23,TSM,"As Taiwan Semi Joins the Trillion-Dollar Club, Should You Buy, Sell, or Hold TSM Stock? - Barchart.com",Barchart.com,0.005284426702671929,UP
2025-07-12,TSM,10 Reasons to Buy and Hold This Tech Stock Forever - The Motley Fool,The Motley Fool,0.036209372225231684,UP
2025-11-13,TSM,Taiwan Semiconductor Manufacturing Company Stock (TSM) Opinions on October Revenue Slowdown - Quiver Quantitative,Quiver Quantitative,0.009284084528759617,UP
2025-11-10,TSM,Taiwan Semiconductor (TSM) Stock Is a Buy Despite Slowing Sales Growth - 24/7 Wall St.,24/7 Wall St.,-0.013885484804842418,DOWN
2025-10-03,TSM,Taiwan Semiconductor Manufacturing Company Stock (TSM) Opinions on Taiwan's Rejection of U.S. Chip Sourcing Plan - Quiver Quantitative,Quiver Quantitative,0.034942961893048574,UP
2025-08-31,TSM,Prediction: This Unstoppable Stock Could Be the Next $2 Trillion Giant - The Motley Fool,The Motley Fool,0.013135492616758171,UP
2025-10-17,TSM,Taiwan Semiconductor Manufacturing Just Announced Big News for Nvidia Stockholders - The Motley Fool,The Motley Fool,0.008879050700041136,UP
2025-11-19,TSM,Taiwan Semiconductor (TSM) Stock: Strong Buy Or Not? | 2-Minute Analysis - Seeking Alpha,Seeking Alpha,-0.017246926647325855,DOWN
2025-10-13,TSM,"Should You Buy, Sell or Hold TSM Stock Before Q3 Earnings Release? - Nasdaq",Nasdaq,-0.022945678574813,DOWN
2025-12-15,TSM,"TSM Stock: What to Know About Taiwan Semiconductor Before the U.S. Market Opens on Dec. 15, 2025 - ts2.tech",ts2.tech,-0.0030235460718507357,NEUTRAL
2025-12-05,TSM,"TSMC: The Demand Remains Unmet, And Prices Will Increase In 2026 - Seeking Alpha",Seeking Alpha,0.02426027245928508,UP
2025-12-07,TSM,Taiwan Semiconductor: Undervalued AI Infrastructure Backbone With Multi-Year Upside - Seeking Alpha,Seeking Alpha,0.005101548457361105,UP
2025-11-23,TSM,3 Monster Stocks to Hold for the Next 3 Years - The Motley Fool,The Motley Fool,0.00014050784070307465,NEUTRAL
2025-10-09,TSM,Why TSMC Stock Is Slipping Premarket Today Despite Q3 Revenue Beat - Stocktwits,Stocktwits,-0.06409237049913818,DOWN
2025-07-07,TSM,TSMC (TSM) Registers a Bigger Fall Than the Market: Important Facts to Note - Yahoo Finance,Yahoo Finance,-0.0057162302335275195,DOWN
2025-12-12,AMD,News Events Push Around AMD Stock - Forbes,Forbes,-0.015181691653736284,DOWN
2025-12-27,AMD,"Prediction: AMD Stock Will Jump 60% in 2026, Thanks to President Donald Trump - The Motley Fool",The Motley Fool,-0.001252280838999198,NEUTRAL
2025-12-01,AMD,"AMD Stock Drops 15% in a Month: Should You Buy, Sell, or Hold? - Yahoo Finance",Yahoo Finance,-0.020567842767812206,DOWN
2025-12-29,AMD,AMD stock faces its next big test in 2026 - thestreet.com,thestreet.com,-0.001252280838999198,NEUTRAL
2025-12-15,AMD,AMD Stock Faces Volatility Amid AI and Policy Risks - Forbes,Forbes,0.00765967975655335,UP
2025-12-29,AMD,Will AMD Be a Must-Own AI Stock in 2026? - The Motley Fool,The Motley Fool,-0.001252280838999198,NEUTRAL
2025-12-17,AMD,ChatGPT Thinks AMD Stock Will Close At This Price By The End of 2025 - Yahoo Finance,Yahoo Finance,0.014890701828043085,UP
2025-12-01,AMD,Why AMD Stock Fell 15% in November - The Motley Fool,The Motley Fool,-0.020567842767812206,DOWN
2025-10-08,AMD,Why AMD (AMD) Stock Is Trading Up Today - Yahoo Finance,Yahoo Finance,-0.011334684142544904,DOWN
2025-10-27,AMD,"AMD Stock at Record Highs: Buy, Sell, or Hold before Q3 Earnings? - Yahoo Finance",Yahoo Finance,-0.006392743005619872,DOWN
2025-11-10,AMD,Could Buying Advanced Micro Devices Stock Today Set You Up for Life? - The Motley Fool,The Motley Fool,-0.026477545570138594,DOWN
2025-11-14,AMD,Massive News for AMD Stock Investors as Management Forecast Huge Increases to Profit Margins! - The Motley Fool,The Motley Fool,-0.02548516408716195,DOWN
2025-10-27,AMD,1 Incredible Reason to Buy Advanced Micro Devices (AMD) Stock in November - Yahoo Finance,Yahoo Finance,-0.006392743005619872,DOWN
2025-11-11,AMD,Massive News: AMD Stock Could Soar After This Earnings Beat - The Motley Fool,The Motley Fool,0.08997141289818633,UP
2025-10-24,AMD,AMD Stock Just Hit a New All-Time High. Options Data Tells Us It Could Be Headed Here Next. - Yahoo Finance,Yahoo Finance,0.026688341403039884,UP
2025-11-25,AMD,Why AMD Stock Just Crashed - The Motley Fool,The Motley Fool,0.03934410526484089,UP
2025-11-12,AMD,"Why AMD stock is seeing double-digit gains, lifting tech trade - Yahoo Finance",Yahoo Finance,-0.04221873118363728,DOWN
2025-11-02,AMD,AMD's Stock Has Doubled This Year. Here's Why It's Not Too Late to Invest. - Yahoo Finance,Yahoo Finance,-0.03697281367375582,DOWN
2025-11-17,AMD,What's Going on With AMD Stock? - The Motley Fool,The Motley Fool,-0.0425328904232829,DOWN
2025-10-06,AMD,AMD stock rockets higher on multibillion-dollar OpenAI deal - Yahoo Finance,Yahoo Finance,0.03828966440477655,UP
2025-10-06,AMD,Why AMD Stock Was Skyrocketing Today - The Motley Fool,The Motley Fool,0.03828966440477655,UP
2025-10-09,AMD,Why AMD Stock Is Soaring This Week - Yahoo Finance,Yahoo Finance,-0.07724679265022871,DOWN
2025-10-07,AMD,"AMD (AMD) Stock Is Up, What You Need To Know - Yahoo Finance",Yahoo Finance,0.11370622512583206,UP
2025-11-14,AMD,Massive News for AMD Stock Investors as Management Forecast Huge Increases to Profit Margins! - Nasdaq,Nasdaq,-0.02548516408716195,DOWN
2025-11-17,AMD,Lisa Su Just Delivered Incredible News for AMD Stock Investors - The Motley Fool,The Motley Fool,-0.0425328904232829,DOWN
2025-12-29,AMD,AMD stock today: Shares tick higher after hours as year-end tech selling weighs on chipmakers - ts2.tech,ts2.tech,-0.001252280838999198,NEUTRAL
2025-11-06,AMD,Why AMD Stock Is Plummeting Today - Yahoo Finance,Yahoo Finance,-0.01750106737702306,DOWN
2025-10-08,AMD,Gigantic News for AMD Stock Investors as It Makes a Deal With OpenAI That Could Be Worth $60 Billion - The Motley Fool,The Motley Fool,-0.011334684142544904,DOWN
2025-10-28,AMD,Wedbush Raises PT on Advanced Micro Devices (AMD) Stock - Yahoo Finance,Yahoo Finance,0.02449508378524401,UP
2025-12-29,AMD,What To Expect From AMD Stock In 2026? - Forbes,Forbes,-0.001252280838999198,NEUTRAL
2025-10-24,AMD,Why AMD Stock Soared Today - The Motley Fool,The Motley Fool,0.026688341403039884,UP
2025-10-17,AMD,Oracle Delivers Massive News for AMD Stock and Nvidia Stock Investors - The Motley Fool,The Motley Fool,0.032091967001788735,UP
2025-10-06,AMD,AMD Stock: Why Shares Are Soaring on the OpenAI News Today - Barron's,Barron's,0.03828966440477655,UP
2025-12-12,AMD,AMD Stock: I Was Wrong (NASDAQ:AMD) - Seeking Alpha,Seeking Alpha,-0.015181691653736284,DOWN
2025-10-22,AMD,"Unfortunate News for Nvidia Stock, AMD Stock, Microsoft Stock, and Oracle Stock Investors! - The Motley Fool",The Motley Fool,0.02067501999721233,UP
2025-11-07,AMD,Big News Is Coming for AMD Investors on Nov. 11. Should You Buy AMD Stock Now? - Nasdaq,Nasdaq,0.04470327456340706,UP
2025-10-23,AMD,Great News for AMD Investors: Strong Buy Rating Confirmed - The Motley Fool,The Motley Fool,0.07630108624472043,UP
2025-11-05,AMD,AMD Stock Whipsaws After Earnings. What Wall Street Thinks. - Barron's,Barron's,-0.0726797120896786,DOWN
2025-10-08,AMD,"AMD stock continues rally after OpenAI deal, now up 43% this week so far - CNBC",CNBC,-0.011334684142544904,DOWN
2025-10-08,AMD,Can AMD Stock Keep Flying After an 85% Takeoff? - Yahoo Finance,Yahoo Finance,-0.011334684142544904,DOWN
2025-12-02,AMD,TD Cowen reiterates Buy rating on AMD stock ahead of Helios launch - Investing.com,Investing.com,0.010964507294748849,UP
2025-12-26,AMD,"AMD Stock (NASDAQ: AMD) Today: Price Check, Latest News, Analyst Forecasts, and What to Watch Before the Next Session - ts2.tech",ts2.tech,0.002883832277529752,NEUTRAL
2025-11-07,AMD,Why AMD Stock Is Sinking Again Today - The Motley Fool,The Motley Fool,0.04470327456340706,UP
2025-10-06,AMD,AMD Stock Surges As Chipmaker Latest To Get OpenAI Deal - Investor's Business Daily,Investor's Business Daily,0.03828966440477655,UP
2025-10-09,AMD,Why AMD Stock Is Soaring This Week - The Motley Fool,The Motley Fool,-0.07724679265022871,DOWN
2025-11-04,AMD,Here's How Much Traders Expect AMD Stock To Move After Today's Earnings - Investopedia,Investopedia,0.0251149107932942,UP
2025-10-27,AMD,1 Incredible Reason to Buy Advanced Micro Devices (AMD) Stock in November - The Motley Fool,The Motley Fool,-0.006392743005619872,DOWN
2025-10-30,AMD,The Unexpected Bull Case for AMD Stock - The Motley Fool,The Motley Fool,0.005022754660535034,UP
2025-11-14,AMD,Why AMD Stock Sank and Then Saw Recovery Momentum Today - The Motley Fool,The Motley Fool,-0.02548516408716195,DOWN
2025-11-07,AMD,Why AMD Stock Is Sinking Again Today - Nasdaq,Nasdaq,0.04470327456340706,UP
2025-12-02,AMD,What's Going On With Advanced Micro Devices Stock Tuesday? - Benzinga,Benzinga,0.010964507294748849,UP
2025-10-11,AMD,Should You Buy Advanced Micro Devices (AMD) Stock After Its Blockbuster Deal With OpenAI? - The Motley Fool,The Motley Fool,0.0077164688248525515,UP
2025-12-30,AMD,Should AMD Stock Investors Be Worried About Nvidia Licensing Groq Technology? - The Motley Fool,The Motley Fool,,NEUTRAL
2025-10-07,AMD,"AMD Stock Skyrockets with OpenAI Deal, Sparking a New Challenge to Nvidia's AI Dominance - CarbonCredits.com",CarbonCredits.com,0.11370622512583206,UP
2025-11-12,AMD,Why AMD Stock Jumped Today - The Motley Fool,The Motley Fool,-0.04221873118363728,DOWN
2025-10-08,AMD,AMD’s Stock Surges on Exciting News - StocksToTrade,StocksToTrade,-0.011334684142544904,DOWN
2025-10-24,AMD,AMD stock hits all-time high at 243.11 USD - Investing.com,Investing.com,0.026688341403039884,UP
2025-12-28,AMD,AMD Stock Outlook: Advanced Micro Devices (NASDAQ: AMD) Holds Near $215 Ahead of Year-End Week as China AI Chip Sales and Fed Minutes Take Center Stage - ts2.tech,ts2.tech,-0.001252280838999198,NEUTRAL
2025-10-22,AMD,"Unfortunate News for Nvidia Stock, AMD Stock, Microsoft Stock, and Oracle Stock Investors! - Nasdaq",Nasdaq,0.02067501999721233,UP
2025-12-08,AMD,AMD: The Best Case Inference Scenario Has Arrived (Rating Upgrade) (AMD) - Seeking Alpha,Seeking Alpha,0.0023065194040439163,NEUTRAL
2025-11-21,AMD,AMD Stock Plunges as New AI CPU Benchmarks Leak Online - Yahoo Finance,Yahoo Finance,0.055304761703659056,UP
2025-11-24,AMD,Prediction: This Will Be AMD's Stock Price By 2030 (Hint: You're Going to Want to Buy Now) - The Motley Fool,The Motley Fool,-0.0414787167745283,DOWN
2025-11-03,AMD,Should You Buy AMD Stock Before Tuesday? - The Motley Fool,The Motley Fool,-0.03697281367375582,DOWN
2025-10-06,AMD,AMD Stock Skyrockets After Announcing ‘Major’ 6-Gigawatt OpenAI GPU Deal - CRN Magazine,CRN Magazine,0.03828966440477655,UP
2025-12-03,AMD,Analysts See Strong Upside Potential in AMD Stock Despite Ongoing Worries - TipRanks,TipRanks,-0.0074449004160684895,DOWN
2025-11-16,AMD,Why AMD Stock Managed to Post Big Gains in This Week's Volatile Trading - The Motley Fool,The Motley Fool,-0.0425328904232829,DOWN
2025-11-29,AMD,$AMD stock rose 6% this week. Here's what we see in our data. - Quiver Quantitative,Quiver Quantitative,-0.020567842767812206,DOWN
2025-10-07,AMD,Watch These AMD Price Levels as Stock Continues Surging on OpenAI Deal - Investopedia,Investopedia,0.11370622512583206,UP
2025-10-11,AMD,Microsoft Delivered Fantastic News for Nvidia Stock and AMD Stock Investors - Nasdaq,Nasdaq,0.0077164688248525515,UP
2025-12-30,AMD,Should AMD Stock Investors Be Worried About Nvidia Licensing Groq Technology? - Nasdaq,Nasdaq,,NEUTRAL
2025-12-30,AMD,AMD stock today: After-hours dip tracks year-end chip rotation after Fed minutes - ts2.tech,ts2.tech,,NEUTRAL
2025-10-28,AMD,AMD stock price target maintained by UBS on strong data center outlook - Investing.com,Investing.com,0.02449508378524401,UP
2025-11-12,AMD,Why Is AMD (AMD) Stock Rocketing Higher Today - Yahoo Finance,Yahoo Finance,-0.04221873118363728,DOWN
2025-10-07,AMD,AMD stock extends gains from OpenAI deal: A closer look - Yahoo Finance,Yahoo Finance,0.11370622512583206,UP
2025-11-12,AMD,AMD stock soars 9% on strong growth projections as CEO Su calls AI spending ‘the right gamble’ - CNBC,CNBC,-0.04221873118363728,DOWN
2025-11-03,AMD,A $1 Billion Reason to Buy AMD Stock Now - Barchart.com,Barchart.com,-0.03697281367375582,DOWN
2025-11-24,AMD,Prediction: This Will Be AMD's Stock Price By 2030 (Hint: You're Going to Want to Buy Now) - Yahoo Finance,Yahoo Finance,-0.0414787167745283,DOWN
2025-11-10,AMD,Revenue Surges: Is It Time to Buy AMD Stock? - The Motley Fool,The Motley Fool,-0.026477545570138594,DOWN
2025-11-17,AMD,Lisa Su Just Delivered Incredible News for AMD Stock Investors - Nasdaq,Nasdaq,-0.0425328904232829,DOWN
2025-10-28,AMD,Is AMD Stock a Buy at New Record Highs? - Barchart.com,Barchart.com,0.02449508378524401,UP
2025-12-16,AMD,"AMD Stock After Hours Today (Dec 16, 2025): Analyst Price Target Cuts, Helios AI Catalyst, and What to Watch Before Tomorrow’s Market Open - ts2.tech",ts2.tech,-0.05287564017503432,DOWN
2025-12-27,AMD,"AMD Stock News Today: Market Closed as Wall Street Weighs China Export Upside, AI Chip Roadmap, and Analyst Targets - ts2.tech",ts2.tech,-0.001252280838999198,NEUTRAL
2025-10-06,AMD,S&P 500 Gains and Losses Today: AMD Stock Pops on OpenAI Deal; AppLovin Plunges - Investopedia,Investopedia,0.03828966440477655,UP
2025-07-28,AMD,"AMD stock jumps on 3 catalysts, Boeing faces potential strike - Yahoo Finance",Yahoo Finance,0.021766663017303678,UP
2025-10-07,AMD,"I Told You How to Trade AMD Stock to $200. Now That It’s an ‘AI Hero,’ Here’s 1 Way to Play Its Next Move. - Yahoo Finance",Yahoo Finance,0.11370622512583206,UP
2025-12-10,AMD,Will Strong Data Center Growth Push Up AMD's Stock Higher in 2026? - Yahoo Finance,Yahoo Finance,4.513823014451468e-05,NEUTRAL
2025-10-06,AMD,AMD Stock Surges: Is It Set for More Gains? - StocksToTrade,StocksToTrade,0.03828966440477655,UP
2025-11-04,AMD,AMD Stock Slips Despite 30% Earnings Growth and Stronger-Than-Expected Guidance - Nasdaq,Nasdaq,0.0251149107932942,UP
2025-11-20,AMD,Could AMD's $100 Billion AI Ambition Make It the Next Great Chip Stock? - The Motley Fool,The Motley Fool,-0.010872757240610764,DOWN
2025-11-01,AMD,Should You Buy AMD Stock Before the Huge Investor Update? - Nasdaq,Nasdaq,-0.03697281367375582,DOWN
2025-10-08,AMD,Stock Market Today: AMD Soars on OpenAI Partnership - Nasdaq,Nasdaq,-0.011334684142544904,DOWN
2025-10-29,AMD,Should You Buy Advanced Micro Devices Stock Before Nov. 4? - The Motley Fool,The Motley Fool,-0.035902056960837925,DOWN
2025-10-10,AMD,AMD: OpenAI Got A Bargain—I Wouldn’t Hold Into Earnings (NASDAQ:AMD) - Seeking Alpha,Seeking Alpha,0.007073077317969245,UP
2025-12-22,AMD,"AMD Stock News Today (Dec. 22, 2025): China MI308 Order Talk, Analyst Targets, and What Could Move Advanced Micro Devices Next - ts2.tech",ts2.tech,-0.0002326264362304542,NEUTRAL
2025-12-19,AMD,"AMD Stock News Today (Dec. 19, 2025): China Meeting, Analyst Price Targets, and the 2026 Outlook for Advanced Micro Devices (NASDAQ: AMD) - ts2.tech",ts2.tech,0.0071217932091200975,UP
2025-12-28,AMD,AMD: I Was Wrong (Rating Upgrade) (NASDAQ:AMD) - Seeking Alpha,Seeking Alpha,-0.001252280838999198,NEUTRAL
2025-10-15,AMD,AMD Stock: Here's What To Expect As OpenAI Buys In (NASDAQ:AMD) - Seeking Alpha,Seeking Alpha,-0.016932139319263628,DOWN
2025-12-11,AMD,"AMD (AMD) Stock Trades Down, Here Is Why - Yahoo Finance",Yahoo Finance,-0.048096437920576274,DOWN
2025-12-12,AMD,Why Is AMD Stock Down Today? - TipRanks,TipRanks,-0.015181691653736284,DOWN
2025-12-13,MSFT,Microsoft (MSFT) Stock Predictions for 2026 and Beyond - The Motley Fool,The Motley Fool,0.003306531527738965,NEUTRAL
2025-07-31,MSFT,Why Microsoft (MSFT) Stock Is Up Today - Yahoo Finance,Yahoo Finance,-0.017600826431858896,DOWN
2025-12-29,MSFT,MSFT Stock A Winner In 2026? - Forbes,Forbes,0.0007801372984006516,NEUTRAL
2025-12-26,MSFT,Microsoft (NASDAQ: MSFT) Stock Price Prediction for 2025: Where Will It Be in 1 Year - 24/7 Wall St.,24/7 Wall St.,-0.0012507132563402967,NEUTRAL
2025-09-10,MSFT,"Microsoft (MSFT) Stock Seen as Long-Term AI Winner, Says Evercore - Yahoo Finance",Yahoo Finance,0.001279093683331567,NEUTRAL
2025-12-29,MSFT,2 Billionaires Just Loaded Up on Microsoft Stock. Do They Know Something We Don't for 2026? - The Motley Fool,The Motley Fool,0.0007801372984006516,NEUTRAL
2025-09-09,MSFT,"Microsoft Stock Is Off Its Highs, But Target Prices for MSFT Are Higher - Yahoo Finance",Yahoo Finance,0.003932486980097183,NEUTRAL
2025-07-23,MSFT,Analyst Explains How Microsoft (MSFT) Stock Can Reach $600 - Yahoo Finance,Yahoo Finance,0.00990384802823252,UP
2025-04-23,MSFT,Is Microsoft Corporation (MSFT) the Best Stock to Buy and Hold for 20 Years? - Yahoo Finance,Yahoo Finance,0.03448258341770738,UP
2025-10-06,MSFT,Here’s What Driving Microsoft Corporation’s (MSFT) Continued Growth - Yahoo Finance,Yahoo Finance,-0.008683914333705078,DOWN
2025-04-28,MSFT,Jim Cramer Says Microsoft (MSFT) Stock Has Been ‘Abysmal’ - Yahoo Finance,Yahoo Finance,0.007362746303037682,UP
2025-08-23,MSFT,Microsoft Corporation (MSFT) Sees Nearly 29% Upside as Truist Lifts Target - Yahoo Finance,Yahoo Finance,-0.004402486817823403,NEUTRAL
2025-12-03,MSFT,Microsoft Stock Falls Amid Slow Corporate Adoption of AI Solutions - Yahoo Finance,Yahoo Finance,0.006509922508618482,UP
2025-09-12,MSFT,China Merchants Securities Begins Coverage on Microsoft (MSFT) Stock - Yahoo Finance,Yahoo Finance,0.010707919019930845,UP
2025-10-23,MSFT,Analyst Says Microsoft (MSFT) ‘Last of’ Undervalued AI Stocks - Yahoo Finance,Yahoo Finance,0.005859092800333476,UP
2025-07-31,MSFT,Microsoft Stock Is Rallying on Earnings. Should You Buy MSFT Here? - Yahoo Finance,Yahoo Finance,-0.017600826431858896,DOWN
2025-03-17,MSFT,Why Microsoft Corporation (MSFT) is One of the Best Strong Buy Stocks to Buy Right Now - Yahoo Finance,Yahoo Finance,-0.013326539850603947,DOWN
2025-04-08,MSFT,Is Microsoft Corporation (MSFT) the Best Stock to Buy According to Billionaire Steve Cohen? - Yahoo Finance,Yahoo Finance,0.10133685003898307,UP
2025-11-26,MSFT,Baird Begins Coverage of Microsoft (MSFT) Stock - Yahoo Finance,Yahoo Finance,0.013408876963182381,UP
2025-10-10,MSFT,Jim Cramer About Microsoft (MSFT) Bull Comments: ‘He’s Been Dead Right’ - Yahoo Finance,Yahoo Finance,0.006047382281049618,UP
2025-09-09,MSFT,Microsoft (MSFT) Rose in Q2 as Results and Guidance Update Surpassed Expectations - Yahoo Finance,Yahoo Finance,0.003932486980097183,NEUTRAL
2025-06-27,MSFT,Why Overvalued Microsoft Stock (MSFT) is Still a Winner - Yahoo Finance,Yahoo Finance,0.002964064057870308,NEUTRAL
2025-07-07,MSFT,Why Microsoft (MSFT) is a Top Stock for the Long-Term - Yahoo Finance,Yahoo Finance,-0.0022101138412601307,NEUTRAL
2025-06-26,MSFT,AI and Cloud Push Microsoft Stock (MSFT) Towards Long-Term Supremacy - Yahoo Finance,Yahoo Finance,-0.00303546917348263,NEUTRAL
2025-12-11,MSFT,Microsoft (MSFT) Rises Higher Than Market: Key Facts - Yahoo Finance,Yahoo Finance,-0.01021780550795981,DOWN
2025-04-13,MSFT,"Microsoft (MSFT) Hits $13B AI Revenue Run Rate, Plans $80B Investment - Yahoo Finance",Yahoo Finance,-0.0053634510643832956,DOWN
2025-08-20,MSFT,"Microsoft (MSFT) Stock: Truist Raises Price Target to $675, Reiterates Buy - Yahoo Finance",Yahoo Finance,-0.0012874448271453787,NEUTRAL
2025-11-04,MSFT,BMO Capital Reiterates Buy Rating on Microsoft (MSFT) Stock - Yahoo Finance,Yahoo Finance,-0.013940545528193238,DOWN
2025-05-19,MSFT,Microsoft Corporation (MSFT) Is a Trending Stock: Facts to Know Before Betting on It - Yahoo Finance,Yahoo Finance,-0.0015254082315715456,NEUTRAL
2025-12-26,MSFT,"Microsoft (MSFT) Stock Today: Price, News, Analyst Forecasts, and What Investors Are Watching Into 2026 - ts2.tech",ts2.tech,-0.0012507132563402967,NEUTRAL
2025-08-05,MSFT,Microsoft (MSFT) Stock Upgraded—Here’s Why Azure Is the Game-Changer - Yahoo Finance,Yahoo Finance,-0.0053244197244816105,DOWN
2025-11-24,MSFT,Microsoft Corporation (MSFT) Down More Than 12% Since Q1 2026 Results - Yahoo Finance,Yahoo Finance,0.006307996275052741,UP
2025-04-28,MSFT,Microsoft Stock Has 'Derisked Setup' Ahead Of March-Quarter Report - Investor's Business Daily,Investor's Business Daily,0.007362746303037682,UP
2025-07-30,MSFT,Is it Still a Wise Move to Buy Microsoft (MSFT) Shares? - Yahoo Finance,Yahoo Finance,0.03947471430071703,UP
2025-12-06,MSFT,Microsoft Stock: Probabilities Are Shifting Toward Danger (NASDAQ:MSFT) - Seeking Alpha,Seeking Alpha,0.002036576967077819,NEUTRAL
2025-12-10,MSFT,Why Microsoft Stock Tumbled Today - The Motley Fool,The Motley Fool,0.010259954210878552,UP
2025-06-10,MSFT,Microsoft Stock (MSFT) Shrugs Off Macro Blues and Returns to Record Highs - Yahoo Finance,Yahoo Finance,0.0036098714170682555,NEUTRAL
2025-04-01,MSFT,Why Microsoft Stock Is Down? MSFT Share Tests 15-Month Low but 2025 Price Predictions Remain Bullish - Finance Magnates,Finance Magnates,-0.00013077172739339726,NEUTRAL
2025-03-31,MSFT,Microsoft (MSFT) Stock Sinks As Market Gains: What You Should Know - Nasdaq,Nasdaq,0.018114309472456958,UP
2025-11-18,MSFT,Microsoft Extends Losses After Earnings; Is The Magnificent Seven Leader A Sell Now? - Investor's Business Daily,Investor's Business Daily,-0.013507811998847874,DOWN
2025-04-21,MSFT,Is Microsoft Corporation (MSFT) the Best Stock to Buy According to Billionaire Chris Rokos? - Yahoo Finance,Yahoo Finance,0.021441284057543086,UP
2025-09-02,MSFT,"As Microsoft Takes Aim at OpenAI, Should You Buy, Sell, or Hold MSFT Stock? - Yahoo Finance",Yahoo Finance,0.00045536395189338386,NEUTRAL
2025-11-05,MSFT,Microsoft (MSFT): Assessing Valuation Perspectives After Recent Share Price Dip - Yahoo Finance,Yahoo Finance,-0.019835933804179806,DOWN
2025-11-11,MSFT,Microsoft and IREN’s $9.7B AI Deal Could Spark MSFT Stock Rally - Yahoo Finance,Yahoo Finance,0.004836125024470617,NEUTRAL
2025-11-01,MSFT,"Microsoft (MSFT)’s Traditional Software “Was Extraordinary,” Says Jim Cramer - Yahoo Finance",Yahoo Finance,-0.005222114924611443,DOWN
2025-06-20,MSFT,What’s Happening With MSFT Stock? - Forbes,Forbes,0.018014262095366718,UP
2025-07-25,MSFT,Microsoft Reports Q4 Earnings on July 30. Time to Buy MSFT Stock? - Yahoo Finance,Yahoo Finance,-0.002355518098626219,NEUTRAL
2025-12-10,MSFT,$MSFT stock is down 3% today. Here's what we see in our data. - Quiver Quantitative,Quiver Quantitative,0.010259954210878552,UP
2025-03-30,MSFT,Top Wall Street analysts are confident about the prospects for these 3 stocks - CNBC,CNBC,0.018114309472456958,UP
2025-07-14,MSFT,"Microsoft: Next Stop $600 or Has the Growth Stock Run Up Too Far, Too Fast? - The Motley Fool",The Motley Fool,0.005566397658714584,UP
2025-04-30,MSFT,"Microsoft Smashes March-Quarter Targets On Cloud, AI Gains - Investor's Business Daily",Investor's Business Daily,0.07625359238228668,UP
2025-12-07,MSFT,"Barclays Maintains Overweight on Microsoft (MSFT), Cites Strong Monetization Potential - Yahoo Finance",Yahoo Finance,0.002036576967077819,NEUTRAL
2025-04-14,MSFT,Microsoft (MSFT) Stock Slides as Market Rises: Facts to Know Before You Trade - Nasdaq,Nasdaq,-0.0053634510643832956,DOWN
2025-11-17,MSFT,Jim Cramer is Willing to Buy Microsoft (MSFT)’s Shares - Yahoo Finance,Yahoo Finance,-0.026995548838964045,DOWN
2025-09-30,MSFT,Morgan Stanley Raises Microsoft Corporation (MSFT) Price Target to $625; Trump Demands Dismissal of Lisa Monaco - Yahoo Finance,Yahoo Finance,0.0033980146961596347,NEUTRAL
2025-08-04,MSFT,Why Microsoft (MSFT) Stock Is Trading Up Today - Yahoo Finance,Yahoo Finance,-0.014730099123457463,DOWN
2025-12-28,MSFT,Here’s What Dan Ives Think About Microsoft Corporation (MSFT) - Yahoo Finance,Yahoo Finance,0.0007801372984006516,NEUTRAL
2025-05-15,MSFT,"Microsoft Corporation (MSFT) Is Overvalued, Well-Known Investor Says - Yahoo Finance",Yahoo Finance,0.0025157299864699834,NEUTRAL
2025-09-18,MSFT,"Microsoft Stock (MSFT) Seen Delivering Strong Total Returns, Analyst Notes - Yahoo Finance",Yahoo Finance,0.018644821499281594,UP
2025-12-18,MSFT,$MSFT stock is up 2% today. Here's what we see in our data. - Quiver Quantitative,Quiver Quantitative,0.00400843505386228,NEUTRAL
2025-12-11,MSFT,"Microsoft (MSFT) Announces $23 Billion Investment Plan, Morgan Stanley Reiterates “Buy” Rating - Yahoo Finance",Yahoo Finance,-0.01021780550795981,DOWN
2025-04-25,MSFT,Goldman Sachs Is Upbeat on Microsoft (MSFT)’s 2026 Outlook - Yahoo Finance,Yahoo Finance,-0.0017609282667979675,NEUTRAL
2025-09-28,MSFT,Microsoft Stock Keeps Beating the Stock Market. Time to Buy? - The Motley Fool,The Motley Fool,0.006510046099705846,UP
2025-12-01,MSFT,Is Microsoft Stock a Good Buy for 2026? - The Motley Fool,The Motley Fool,0.00669764110414528,UP
2025-12-06,MSFT,Gates Foundation Sells MSFT Stock—Should Investors Be Worried? - Yahoo Finance,Yahoo Finance,0.002036576967077819,NEUTRAL
2025-11-21,MSFT,Guggenheim Stays Bullish on Microsoft (MSFT) as Ignite Showcases AI Momentum - Yahoo Finance,Yahoo Finance,0.003982048848293118,NEUTRAL
2025-10-06,MSFT,Microsoft (MSFT) Laps the Stock Market: Here's Why - Yahoo Finance,Yahoo Finance,-0.008683914333705078,DOWN
2025-10-17,MSFT,Should You Buy Microsoft Stock Before Oct. 29? - The Motley Fool,The Motley Fool,0.006250077392229603,UP
2025-08-25,MSFT,Microsoft Corporation (MSFT) Is Up 19% Since Jim Cramer’s Quantum Computing Comments - Yahoo Finance,Yahoo Finance,-0.004402486817823403,NEUTRAL
2025-04-15,MSFT,Is Microsoft (MSFT) the Best Machine Learning Stock to Buy Now? - Yahoo Finance,Yahoo Finance,-0.036605997899174736,DOWN
2025-10-29,MSFT,"Microsoft slides as it boosts capex forecast for 2026, tops Q1 estimates (MSFT:NASDAQ) - Seeking Alpha",Seeking Alpha,-0.029157040620222285,DOWN
2025-12-23,MSFT,"Microsoft Stock News Today (Dec. 23, 2025): MSFT Holds Near $485 as Wall Street Targets $625+ on Azure and Copilot - ts2.tech",ts2.tech,0.0024031691393415766,NEUTRAL
2025-12-07,MSFT,Microsoft: Path To $600 (NASDAQ:MSFT) - Seeking Alpha,Seeking Alpha,0.002036576967077819,NEUTRAL
2025-09-15,MSFT,Is MSFT Stock A Buy At $510? - Forbes,Forbes,-0.012263220518934581,DOWN
2025-11-20,MSFT,"Microsoft Stock News Today, Nov 20: Microsoft Stock Sees 200% Volume Surge - Meyka",Meyka,-0.013188967362399162,DOWN
2025-11-03,MSFT,Microsoft Stock (MSFT) Opinions on AI Growth and Xbox Sales Drop - Quiver Quantitative,Quiver Quantitative,-0.005222114924611443,DOWN
2025-07-23,MSFT,"Microsoft (MSFT) Set for Another Strong Quarter, Analysts Say - Yahoo Finance",Yahoo Finance,0.00990384802823252,UP
2025-03-30,MSFT,Microsoft Corporation (MSFT): Among the Top Growth Stocks in David Tepper’s Portfolio - Yahoo Finance,Yahoo Finance,0.018114309472456958,UP
2025-09-05,MSFT,Why Microsoft (MSFT) Stock Is Down Today - Finviz,Finviz,0.006464664083856375,UP
2025-11-19,MSFT,Microsoft (MSFT): Exploring Valuation After Recent Volatility and Share Price Dip - Yahoo Finance,Yahoo Finance,-0.016001314074220674,DOWN
2025-11-24,MSFT,"“Microsoft (MSFT) Has to Stop Going Down,” Says Jim Cramer - Yahoo Finance",Yahoo Finance,0.006307996275052741,UP
2025-09-05,MSFT,MSFT: Microsoft CEO Offloads $75 Million in Stock Amid AI Boom - Yahoo Finance,Yahoo Finance,0.006464664083856375,UP
2025-11-20,MSFT,Microsoft Stock And The AI Bubble - Trefis,Trefis,-0.013188967362399162,DOWN
2025-03-11,MSFT,Should You Buy MSFT Stock At $380? - Forbes,Forbes,0.007412272955643173,UP
2025-10-27,MSFT,Microsoft: Golden Buying Opportunity Before Earnings (NASDAQ:MSFT) - Seeking Alpha,Seeking Alpha,0.019848700368470196,UP
2025-12-29,MSFT,Microsoft stock edges lower after the bell as year-end trade cools tech; MSFT investors eye Fed minutes - ts2.tech,ts2.tech,0.0007801372984006516,NEUTRAL
2025-12-17,MSFT,"Microsoft (MSFT) Stock News Today (Dec. 17, 2025): OpenAI–Amazon Talks, AI Catalysts, Analyst Forecasts, and What Investors Are Watching - ts2.tech",ts2.tech,0.016508476749030443,UP
2025-10-08,MSFT,Wells Fargo Stays Bullish on Microsoft (MSFT) as Azure Growth Remains a Key Driver - Yahoo Finance,Yahoo Finance,-0.004667905849160436,NEUTRAL
2025-10-06,MSFT,Microsoft (MSFT) is an Incredible Growth Stock: 3 Reasons Why - Yahoo Finance,Yahoo Finance,-0.008683914333705078,DOWN
2025-08-04,MSFT,Microsoft Stock Soars on the Back of AI. Can the Momentum Continue or Is It Too Late to Buy the Stock? - The Motley Fool,The Motley Fool,-0.014730099123457463,DOWN
2025-07-01,MSFT,Should You Buy Microsoft Stock Now or Wait for a Dip? - The Motley Fool,The Motley Fool,-0.0019509602314314867,NEUTRAL
2025-08-07,MSFT,The Week After: How has Microsoft (MSFT) stock performed since FQ4 earnings? (MSFT:NASDAQ) - Seeking Alpha,Seeking Alpha,0.002303986512882439,NEUTRAL
2025-07-23,MSFT,Buy Or Sell MSFT Stock At $510? - Forbes,Forbes,0.00990384802823252,UP
2025-10-30,MSFT,Why Microsoft's Post-Earnings Dip Is a Buy-the-Pause Moment - MarketBeat,MarketBeat,-0.015121028709135675,DOWN
2025-12-16,MSFT,Microsoft: Recent Sell-Off Presents Strong Buying Opportunity (NASDAQ:MSFT) - Seeking Alpha,Seeking Alpha,-0.0005668035075194755,NEUTRAL
2025-09-23,MSFT,What Makes Microsoft Corporation (MSFT) a Strong Investment? - Yahoo Finance,Yahoo Finance,0.00180657457693445,NEUTRAL
2025-09-26,MSFT,Microsoft Stock Elevated To Top Pick At Morgan Stanley - Investor's Business Daily,Investor's Business Daily,0.006139209617859853,UP
2025-08-29,MSFT,Microsoft (MSFT) Down 4.5% Since Last Earnings Report: Can It Rebound? - Yahoo Finance,Yahoo Finance,-0.0030985624661443723,NEUTRAL
2025-09-03,AAPL,Why Apple (AAPL) Stock Is Trading Up Today - Yahoo Finance,Yahoo Finance,0.005493288226302795,UP
2025-08-29,AAPL,Apple (AAPL) Stock Sees Trading Spike on Product Buzz and Strong Earnings - CarbonCredits.com,CarbonCredits.com,-0.010424709383172748,DOWN
2025-10-31,AAPL,Apple Stock Hits Record High On Upbeat Holiday-Sales Forecast - Investor's Business Daily,Investor's Business Daily,-0.004882213161503057,NEUTRAL
2025-12-29,AAPL,Apple Is Likely to Return to Double-Digit Revenue Growth in Fiscal 2026 -- and the Stock Looks Like a Buy - The Motley Fool,The Motley Fool,-0.0024840121606569676,NEUTRAL
2025-10-30,AAPL,Apple Stock Price Today | NASDAQ: AAPL Live - Investing.com,Investing.com,-0.0037950967413132863,NEUTRAL
2025-11-03,AAPL,Analyst Says She’s ‘Suspicious’ About ‘Sustainability’ of Apple (AAPL) Stock Uptrend – Here’s Why - Yahoo Finance,Yahoo Finance,0.0036796245826942187,NEUTRAL
2025-10-15,AAPL,Apple (AAPL) Stock Faces “More Downside Than Upside” as Jefferies Flags Tariff Concerns - Yahoo Finance,Yahoo Finance,-0.007580006053321764,DOWN
2025-12-09,AAPL,"Apple Stock Marks a Solid Comeback. Is AAPL a Buy, Sell, or Hold for 2026? - Yahoo Finance",Yahoo Finance,0.00577244442526248,UP
2025-07-02,AAPL,Why Apple (AAPL) Stock Is Up Today - Yahoo Finance,Yahoo Finance,0.00522506774348952,UP
2025-06-12,AAPL,Apple (AAPL) Stock Holds Steady as Analysts Call WWDC25 a ‘Transition Year’ - Yahoo Finance,Yahoo Finance,-0.013805194198080128,DOWN
2025-09-29,AAPL,Can Apple Stock Hit $310 in 2025? - Yahoo Finance,Yahoo Finance,0.0007861004710238984,NEUTRAL
2025-06-26,AAPL,Apple (AAPL) Stock Pulled Back Along with Other Tech Players - Yahoo Finance,Yahoo Finance,0.0003980202448676806,NEUTRAL
2025-08-04,AAPL,Is AAPL Stock a Buy Now as Tim Cook Vows to Win in the AI Race? - Yahoo Finance,Yahoo Finance,-0.0021146353111312077,NEUTRAL
2025-09-12,AAPL,Rosenblatt Lifts PT on Apple (AAPL) Stock - Yahoo Finance,Yahoo Finance,0.011235905200573493,UP
2025-09-07,AAPL,Why TD Cowen Stays Bullish on Apple (AAPL) Stock at $275 PT - Yahoo Finance,Yahoo Finance,-0.014839412310012845,DOWN
2025-07-21,AAPL,"Apple Stock Forecast: As Critics Call for Cook to Step Down, How Bad Are Things Really for AAPL? - Yahoo Finance",Yahoo Finance,0.0090362347501034,UP
2025-09-25,AAPL,Apple (AAPL) Stock Target Lifted to $280 as Analysts See Upside in iPhone 17 Cycle - Yahoo Finance,Yahoo Finance,-0.0054890828406448655,DOWN
2025-11-19,AAPL,Apple (AAPL) Soared on Better Than Expected Results - Yahoo Finance,Yahoo Finance,-0.008601420835542606,DOWN
2025-10-17,AAPL,Why Apple (AAPL) Outpaced the Stock Market Today - Yahoo Finance,Yahoo Finance,0.03943876231500254,UP
2025-09-09,AAPL,Apple (AAPL) Stock Drops Despite Market Gains: Important Facts to Note - Yahoo Finance,Yahoo Finance,-0.03225948363240483,DOWN
2025-11-30,AAPL,Is Apple’s Stock Still a Good Bet After 14.4% Rally in 2025? - Yahoo Finance,Yahoo Finance,0.010914857899228636,UP
2025-08-12,AAPL,"Apple Rises 9% in a Month: Buy, Sell or Hold the AAPL Stock? - Yahoo Finance",Yahoo Finance,0.016024457949132653,UP
2025-09-22,AAPL,Apple (AAPL) Stock Target Raised to $310 on Surging iPhone 17 Demand - Yahoo Finance,Yahoo Finance,-0.00644325892472386,DOWN
2025-08-06,AAPL,Why Apple Stock Is Jumping Today - Yahoo Finance,Yahoo Finance,0.031793629657992595,UP
2025-12-09,AAPL,Apple Stock Gets Three Price-Target Hikes. Here’s Why. - Investor's Business Daily,Investor's Business Daily,0.00577244442526248,UP
2025-11-05,AAPL,What Makes Apple (AAPL) a Strong Holding? - Yahoo Finance,Yahoo Finance,-0.0013697259247742455,NEUTRAL
2025-09-17,AAPL,"It’s Not Just Bad Apples: Wall Street Sentiment on AAPL Stock Falls to Multi-Year Lows, so Should You Sell Shares Here? - Yahoo Finance",Yahoo Finance,-0.004644576907642972,NEUTRAL
2025-09-22,AAPL,This Apple Insider Is Ditching AAPL Stock. Should You? - Yahoo Finance,Yahoo Finance,-0.00644325892472386,DOWN
2025-12-01,AAPL,Warren Buffett Is Rapidly Selling Apple Stock. Here Are 2 Reasons Why. - The Motley Fool,The Motley Fool,0.010914857899228636,UP
2025-09-15,AAPL,Apple (AAPL) Valuation: Examining the Numbers After Recent Stock Moves - Yahoo Finance,Yahoo Finance,0.006125886829152938,UP
2025-06-24,AAPL,Why Investors Should Reconsider Buying the Dip on Apple Stock (AAPL) - Yahoo Finance,Yahoo Finance,0.006290573788700682,UP
2025-11-23,AAPL,"5 Reasons I Still Love Apple Stock, Even After It Soared Higher - Yahoo Finance",Yahoo Finance,0.003805406428931457,NEUTRAL
2025-09-10,AAPL,Here’s Why Apple (AAPL) Traded Lower in Q2 - Yahoo Finance,Yahoo Finance,0.014286344459361722,UP
2025-09-10,AAPL,Why Apple Stock Sank Today - The Motley Fool,The Motley Fool,0.014286344459361722,UP
2025-07-30,AAPL,AAPL Stock Q3 Forecast: 4 Things to Watch When Apple Reports Earnings on July 31 - Yahoo Finance,Yahoo Finance,-0.007079609380583052,DOWN
2025-11-19,AAPL,Apple Stock Has Made Investors Rich for 20 Years — What Happens Next? - Yahoo Finance,Yahoo Finance,-0.008601420835542606,DOWN
2025-01-21,AAPL,"Why Apple Stock Got Hit By Downgrades, Price-Target Cuts - Investor's Business Daily",Investor's Business Daily,0.005345040770410758,UP
2025-09-22,AAPL,Why Apple Stock Just Popped - The Motley Fool,The Motley Fool,-0.00644325892472386,DOWN
2025-10-12,AAPL,Analyst Explains ‘The Problem’ With Apple (AAPL) - Yahoo Finance,Yahoo Finance,0.00044415864468594357,NEUTRAL
2025-07-10,AAPL,Gene Munster Explains Two Potential Growth Catalysts for Apple (AAPL) Stock - Yahoo Finance,Yahoo Finance,-0.005884853456365136,DOWN
2025-03-12,AAPL,Watch These Apple Stock Price Levels as Sell-Off Continues - Investopedia,Investopedia,-0.03364369478238116,DOWN
2025-06-30,AAPL,Apple (AAPL) Beats Stock Market Upswing: What Investors Need to Know - Yahoo Finance,Yahoo Finance,0.01291615425542747,UP
2025-07-30,AAPL,"Apple Inc. (AAPL): Investor AI Worries Still Haven’t Pushed Stock To $190, Says Jim Cramer - Yahoo Finance",Yahoo Finance,-0.007079609380583052,DOWN
2025-07-05,AAPL,"Apple Inc. (AAPL): People Are Tired Of The Stock Buybacks, Says Jim Cramer - Yahoo Finance",Yahoo Finance,0.00028578971805215403,NEUTRAL
2025-09-20,AAPL,Apple Stock (AAPL) Backed by Bernstein as ‘Gateway to the Intelligence Revolution’ - Yahoo Finance,Yahoo Finance,-0.00644325892472386,DOWN
2025-09-03,AAPL,"Stock market today: S&P 500, Nasdaq lead stocks higher as Apple surges - Yahoo Finance",Yahoo Finance,0.005493288226302795,UP
2025-08-16,AAPL,Where Will Apple Stock Be in 5 Years? - The Motley Fool,The Motley Fool,-0.001429256279357305,NEUTRAL
2025-04-29,AAPL,Apple (AAPL) Earnings Preview: Can the Stock Rebound? - tastylive,tastylive,0.0061076408542186655,UP
2025-12-23,AAPL,Will 2026 Be The Year Apple Finally Joins The AI Race? - Investor's Business Daily,Investor's Business Daily,0.005323881205087977,UP
2025-12-26,AAPL,Apple Stock Ticks Up After a Surprise From China—and a Legal Win - Barron's,Barron's,0.0013168100847762432,NEUTRAL
2025-07-02,AAPL,One Apple Bear Just Threw in the Towel With This Upgrade. Is It Time to Buy AAPL Stock? - Yahoo Finance,Yahoo Finance,0.00522506774348952,UP
2025-10-24,AAPL,This Could Be Great News for Apple Shareholders - The Motley Fool,The Motley Fool,0.02279111912415832,UP
2025-08-07,AAPL,Why Apple Is Jumping Today - The Motley Fool,The Motley Fool,0.04235791290787305,UP
2025-03-13,AAPL,Apple Stock: Why It's Now A Screaming Buy (NASDAQ:AAPL) - Seeking Alpha,Seeking Alpha,0.01817060221144473,UP
2025-07-28,AAPL,The Most Important Thing for Apple Stock (AAPL) Investors to Watch in 2025 - The Motley Fool,The Motley Fool,-0.012987668901023652,DOWN
2025-08-13,AAPL,"Apple Stock Is Gaining Momentum, Is AAPL Stock a Buy? - Barchart.com",Barchart.com,-0.0023571835446725142,NEUTRAL
2025-11-19,AAPL,Apple Is Making Huge China Market Share Wins. Does That Make AAPL Stock a Buy Here? - Yahoo Finance,Yahoo Finance,-0.008601420835542606,DOWN
2025-03-07,AAPL,Apple Intelligence Is Fueling iPhone Upgrades in Positive News for Apple Stock Investors - The Motley Fool,The Motley Fool,-0.04847960193409895,DOWN
2025-05-08,AAPL,Apple Stock: Do the Risks Outweigh the Reward? - The Motley Fool,The Motley Fool,0.005266076204561099,UP
2025-09-07,AAPL,Where Will Apple Stock Be in 3 Years? - The Motley Fool,The Motley Fool,-0.014839412310012845,DOWN
2025-11-06,AAPL,Apple’s Record Quarter Hints at Something Huge Coming: Is AAPL Stock a Buy Now? - Barchart.com,Barchart.com,-0.004818903572332056,NEUTRAL
2025-10-06,AAPL,AAPL: Apple Faces 13% Value Loss After Failing To Lift iPhone Prices - Yahoo Finance,Yahoo Finance,-0.0008180341665524615,NEUTRAL
2025-10-08,AAPL,Should You Buy Apple Stock Before Oct. 30? - The Motley Fool,The Motley Fool,-0.01557785637436715,DOWN
2025-08-01,AAPL,"Apple (AAPL Stock) Rings Up $94B Q3 Win Fueled by iPhones, AI Push, and Climate Smarts - CarbonCredits.com",CarbonCredits.com,0.004792936108565904,NEUTRAL
2025-05-28,AAPL,Is Apple Stock A Buy Amid Low Expectations For WWDC? - Investor's Business Daily,Investor's Business Daily,-0.002345059699954133,NEUTRAL
2025-09-16,AAPL,Why Apple Stock Inched Higher on Tuesday - The Motley Fool,The Motley Fool,0.003527257682534257,NEUTRAL
2025-08-01,AAPL,AAPL: Apple Stock Jumps as China iPhone Sales Drive Blowout Q3 - Yahoo Finance,Yahoo Finance,0.004792936108565904,NEUTRAL
2025-10-27,AAPL,"Apple Set to Report Q4 Earnings: Buy, Sell or Hold the AAPL Stock? - Zacks Investment Research",Zacks Investment Research,0.0007068314349076843,NEUTRAL
2025-12-29,AAPL,Apple Stock In Focus -- Wells Fargo Keeps 'Overweight' Rating Ahead of 2026 - Yahoo Finance,Yahoo Finance,-0.0024840121606569676,NEUTRAL
2025-08-23,AAPL,Is Apple Stock Your Ticket to Becoming a Millionaire? - The Motley Fool,The Motley Fool,0.00946469850209164,UP
2025-05-20,AAPL,Well-Known Analyst Says Apple Inc. (AAPL) Is Enjoying a “Dream Scenario” - Yahoo Finance,Yahoo Finance,-0.023059151208633444,DOWN
2025-07-31,AAPL,"Apple Beats June-Quarter Targets On Strong iPhone, Services Sales. Stock Rises. - Investor's Business Daily",Investor's Business Daily,-0.025003594915492977,DOWN
2025-09-20,AAPL,Here's Why Everyone Is Talking About Apple Stock - The Motley Fool,The Motley Fool,-0.00644325892472386,DOWN
2025-07-25,AAPL,Should You Buy Apple Stock Before July 31? Wall Street Has a Clear Answer for Investors. - The Motley Fool,The Motley Fool,0.0007948587409902785,NEUTRAL
2025-06-16,AAPL,"Goldman Sachs Recommends Buying Apple, Expects Stock to Climb - Yahoo Finance",Yahoo Finance,-0.014010737856372857,DOWN
2025-04-11,AAPL,Apple Leads Magnificent 7 Stocks Higher Friday to Cap Off Volatile Week - Investopedia,Investopedia,0.022054050996684893,UP
2025-07-19,AAPL,"JPMorgan Bumps Apple (AAPL) PT to $250, Keeps ‘Overweight’ - Yahoo Finance",Yahoo Finance,0.0090362347501034,UP
2025-11-13,AAPL,Is Apple Stock Set to Soar After Promising Consumer Sentiment? - The Motley Fool,The Motley Fool,-0.0019784155368063328,NEUTRAL
2025-07-14,AAPL,Apple (AAPL) Stock Slides as Market Rises: Facts to Know Before You Trade - Yahoo Finance,Yahoo Finance,0.0023488288655426626,NEUTRAL
2025-12-22,AAPL,"Apple Stock (AAPL) News Today, Dec. 22, 2025: Italy Antitrust Fine, China Signals, and Wall Street’s 2026 AI Upgrade Thesis - ts2.tech",ts2.tech,0.005129660569795913,UP
2025-12-26,AAPL,"Apple Stock (AAPL) Update for Dec. 26, 2025: Shares Hover Near $273 After the Bell as China iPhone Data, Apple Watch Legal Win, and 2026 AI Forecasts Take Center Stage - ts2.tech",ts2.tech,0.0013168100847762432,NEUTRAL
2025-10-19,AAPL,AAPL News Today: Apple Inc. Stock Surges Amid Strong Q3 Earnings - Meyka,Meyka,0.0020210237725979407,NEUTRAL
2025-08-23,AAPL,Warren Buffett Is Selling Apple Stock Again. Should You Follow His Lead? - The Motley Fool,The Motley Fool,0.00946469850209164,UP
2025-08-12,AAPL,"Apple Rises 9% in a Month: Buy, Sell or Hold the AAPL Stock? - Zacks Investment Research",Zacks Investment Research,0.016024457949132653,UP
2025-12-16,AAPL,"Apple Stock (AAPL) After Hours: Price, News, and What to Know Before the Market Opens on Dec. 16, 2025 - ts2.tech",ts2.tech,-0.010086993049891024,DOWN
2025-07-02,AAPL,Apple Stock Analyst Calls Bottom But Still Cautious - Investor's Business Daily,Investor's Business Daily,0.00522506774348952,UP
2025-11-21,AAPL,"Apple, IBD Stock Of The Day, Sets Up Before Holiday Season - Investor's Business Daily",Investor's Business Daily,0.0163174457722548,UP
2025-09-19,AAPL,Apple Stock Rises As iPhone 17 Officially Goes On Sale - Investor's Business Daily,Investor's Business Daily,0.043095700465100695,UP
2025-09-25,AAPL,Analyst Explains Why Apple (AAPL) Will Struggle to Maintain Its Customer Base – ‘They’ve Gone On The Defense’ - Yahoo Finance,Yahoo Finance,-0.0054890828406448655,DOWN
2025-09-04,AAPL,AAPL: Apple Stock Surges Nearly 4% on News of Launching AI Search Tool to Rival ChatGPT - TradingView — Track All Markets,TradingView — Track All Markets,-0.00037531045761318715,NEUTRAL
2025-07-18,AAPL,Should You Sell Apple's Stock Before July 31? - The Motley Fool,The Motley Fool,0.006155827878369324,UP
2025-11-25,AAPL,"AAPL: Apple Touches Fresh Peak, Market Cap Nears $4.1 Trillion - Yahoo Finance",Yahoo Finance,0.0020940411225383038,NEUTRAL
2025-11-18,AAPL,Apple Is Apparently Getting Ready to Replace CEO Tim Cook. Is That Good News for AAPL Stock? - Barchart.com,Barchart.com,0.004187836924032684,NEUTRAL
2025-12-02,AAPL,Apple’s AI Efforts May No Longer Matter to the Stock - Barron's,Barron's,-0.00712816145749029,DOWN
2025-06-21,AAPL,Is Apple Stock In Trouble? - The Motley Fool,The Motley Fool,-0.0059553368706062315,DOWN
2025-05-27,AAPL,Famous Investor Suggests That Apple (AAPL) Is Not a Buy - Yahoo Finance,Yahoo Finance,0.0010488493588676207,NEUTRAL
2025-12-02,AAPL,"Apple AI chief exits, MongoDB stock soars by 25% on Q3 earnings - Yahoo Finance",Yahoo Finance,-0.00712816145749029,DOWN
2025-12-28,AAPL,Apple stock heads into year-end with Fed minutes in focus - ts2.tech,ts2.tech,-0.0024840121606569676,NEUTRAL
2025-08-25,AAPL,What Is the Highest Apple Stock Has Ever Been? - The Motley Fool,The Motley Fool,0.00946469850209164,UP
2025-04-09,AAPL,"Apple Stock Soars on Tariff News, Hope for Exemption - Barron's",Barron's,-0.04239385731920353,DOWN
2025-12-08,GOOGL,"Alphabet (GOOGL) Stock Trades Down, Here Is Why - Yahoo Finance",Yahoo Finance,0.010710140693894532,UP
2025-10-27,GOOGL,Alphabet Momentum Builds Ahead Of Q3 Earnings. Is Google Stock A Buy? - Investor's Business Daily,Investor's Business Daily,-0.006684644958969366,DOWN
2025-11-19,GOOGL,Google Stock Is Crushing the Rest of the Magnificent Seven—Here's Why - Investopedia,Investopedia,-0.011474964973761326,DOWN
2025-11-17,GOOGL,Google Stock Investors Just Got Amazing News - The Motley Fool,The Motley Fool,-0.0025962588244621276,NEUTRAL
2025-10-07,GOOGL,Jefferies Raises PT on Alphabet (GOOGL) Stock - Yahoo Finance,Yahoo Finance,-0.004638659300595149,NEUTRAL
2025-12-17,GOOGL,Waymo Valuation Could Top $100 Billion In New Funding Round. Is Google Stock A Buy? - Investor's Business Daily,Investor's Business Daily,0.019344803891752305,UP
2025-10-28,GOOGL,1 Incredible Reason to Buy Alphabet (GOOGL) Stock in November - The Motley Fool,The Motley Fool,0.026545064534484908,UP
2025-11-24,GOOGL,Investors Rally Behind Alphabet Stock as Mark Benioff Endorses Gemini 3 - Investopedia,Investopedia,0.015255255140113944,UP
2025-10-14,GOOGL,UBS Lifts PT on Alphabet (GOOGL) Stock - Yahoo Finance,Yahoo Finance,0.022733764902369558,UP
2025-11-26,GOOGL,Is Google Stock a Buy at $4 Trillion? - Yahoo Finance,Yahoo Finance,0.0007187941819570831,NEUTRAL
2025-11-19,GOOGL,"Is GOOGL Stock a Buy, Sell, or Hold as Google Launches Gemini 3? - Yahoo Finance",Yahoo Finance,-0.011474964973761326,DOWN
2025-10-04,GOOGL,Morgan Stanley Raises PT on Alphabet (GOOGL) Stock - Yahoo Finance,Yahoo Finance,-0.018647922147380647,DOWN
2025-11-19,GOOGL,Alphabet (GOOGL) Stock Climbs 5% to All-Time High as Tech Rally Accelerates - Yahoo Finance,Yahoo Finance,-0.011474964973761326,DOWN
2025-12-10,GOOGL,Is Google Stock a Buy Ahead of Its First AI Glasses Launch? - Yahoo Finance,Yahoo Finance,-0.024296552221695134,DOWN
2025-12-11,GOOGL,Why Alphabet (GOOGL) Stock Is Trading Lower Today - Yahoo Finance,Yahoo Finance,-0.010050200699258216,DOWN
2025-11-04,GOOGL,Evercore ISI Raises PT on Alphabet (GOOGL) Stock - Yahoo Finance,Yahoo Finance,0.02439284166801814,UP
2025-12-07,GOOGL,Alphabet (GOOGL) Valuation Check After a Strong Multi‑Month Share Price Rally - Yahoo Finance,Yahoo Finance,0.010710140693894532,UP
2025-10-28,GOOGL,Oppenheimer Lifts PT on Alphabet (GOOGL) Stock - Yahoo Finance,Yahoo Finance,0.026545064534484908,UP
2025-10-28,GOOGL,Analyst Explains Why Alphabet (GOOGL) is ‘Incredibly Inexpensive’ AI Stock - Yahoo Finance,Yahoo Finance,0.026545064534484908,UP
2025-10-12,GOOGL,A Fresh Look at Google's (GOOGL) Valuation as Shares Hold Steady - Yahoo Finance,Yahoo Finance,0.005324588786037365,UP
2025-10-30,GOOGL,Why Alphabet (GOOGL) Stock Is Up Today - Yahoo Finance,Yahoo Finance,-0.0010303218613968435,NEUTRAL
2025-12-01,GOOGL,Top Analyst Raises Alphabet (GOOGL) Stock Price Target on Google Cloud Momentum - TipRanks,TipRanks,0.002921572280305318,NEUTRAL
2025-09-29,GOOGL,Alphabet Inc. (GOOG) Stock Sinks As Market Gains: Here's Why - Yahoo Finance,Yahoo Finance,-0.0038926134690757674,NEUTRAL
2025-09-22,GOOGL,Alphabet (GOOGL) Stock in Focus After Truist Boosts Price Target on Search Dominance - Yahoo Finance,Yahoo Finance,-0.00344513219309428,NEUTRAL
2025-12-12,GOOGL,"OpenAI Upgrades AI Model, Wins Disney As Ally In Google Battle - Investor's Business Daily",Investor's Business Daily,-0.003459559942633361,NEUTRAL
2025-12-03,GOOGL,Google Stock Up 66%. $GOOGL May Pop If Its AI Chip Wins 25% Share - Forbes,Forbes,-0.0062885564724237675,DOWN
2025-11-24,GOOGL,Google Stock Has Been the Clear AI Winner—and the Gains Could Keep Coming - Barron's,Barron's,0.015255255140113944,UP
2025-12-29,GOOGL,Google Stock (GOOGL) Forecast: Top Analysts Predict 23% Price Jump in 2026 - TipRanks,TipRanks,0.0009248901236762475,NEUTRAL
2025-11-25,GOOGL,"Alphabet Stock Is on a Tear, But Is Now the Time to Buy GOOGL? - Yahoo Finance",Yahoo Finance,-0.010790201324564874,DOWN
2025-10-24,GOOGL,"Alphabet (GOOGL)’s Stock Is Great, Says Jim Cramer - Yahoo Finance",Yahoo Finance,0.03597242410613788,UP
2025-10-29,GOOGL,"Alphabet earnings: Key takeaways as stock jumps 6% amid broad growth, capex increase (GOOG:NASDAQ) - Seeking Alpha",Seeking Alpha,0.025166637397401326,UP
2025-11-19,GOOGL,Google stock hits 52-week high at $294.39 - Investing.com,Investing.com,-0.011474964973761326,DOWN
2025-12-11,GOOGL,Alphabet Just Did Something It Hasn't Done in 7 Years. Time to Buy? - The Motley Fool,The Motley Fool,-0.010050200699258216,DOWN
2025-12-10,GOOGL,Google’s Gemini Just Scored a Major Military Win. Should You Buy GOOGL Stock Here? - Yahoo Finance,Yahoo Finance,-0.024296552221695134,DOWN
2025-11-24,GOOGL,Why Alphabet (GOOGL) Stock Is Trading Up Today - TradingView — Track All Markets,TradingView — Track All Markets,0.015255255140113944,UP
2025-10-15,GOOGL,"Alphabet Rises 34% in 3 Months: Buy, Sell or Hold GOOGL Stock? - Zacks Investment Research",Zacks Investment Research,0.0017129390949852663,NEUTRAL
2025-11-19,GOOGL,"Loop Capital Upgrades Alphabet Inc. (GOOGL) To Buy, Raises PT - Yahoo Finance",Yahoo Finance,-0.011474964973761326,DOWN
2025-10-24,GOOGL,"Buy, Sell or Hold GOOGL Stock Before Q3 Earnings? Here's What to Know - Yahoo Finance",Yahoo Finance,0.03597242410613788,UP
2025-11-17,GOOGL,Google Stock Investors Just Got Amazing News - Nasdaq,Nasdaq,-0.0025962588244621276,NEUTRAL
2025-10-29,GOOGL,Here's How Much Traders Expect Google Parent Alphabet's Stock To Move After Earnings - Investopedia,Investopedia,0.025166637397401326,UP
2025-11-10,GOOGL,Why Alphabet Stock Popped Today - The Motley Fool,The Motley Fool,0.004170937378253692,NEUTRAL
2025-10-29,GOOGL,Forget Consensus Estimates. How Google Cloud's 'Bogey' Could Move The Stock. - Investor's Business Daily,Investor's Business Daily,0.025166637397401326,UP
2025-11-11,GOOGL,Alphabet Generates Strong FCF and If It Continues GOOGL Stock is 40% Undervalued - Barchart.com,Barchart.com,-0.015790710658504348,DOWN
2025-12-08,GOOGL,$GOOGL stock is down 3% today. Here's what we see in our data. - Quiver Quantitative,Quiver Quantitative,0.010710140693894532,UP
2025-11-25,GOOGL,Google stock price is surging today as AI sets it up to become next $4 trillion giant. Here's why - Fast Company,Fast Company,-0.010790201324564874,DOWN
2025-11-25,GOOGL,"Meta using Google AI chips is 'good news,' but not game changing - Yahoo Finance",Yahoo Finance,-0.010790201324564874,DOWN
2025-11-24,GOOGL,Why Alphabet Stock Just Popped - The Motley Fool,The Motley Fool,0.015255255140113944,UP
2025-11-10,GOOGL,Google Has a ‘Secret Weapon’ That Could Make GOOGL Stock One of the Best AI Buys for 2026 - Barchart.com,Barchart.com,0.004170937378253692,NEUTRAL
2025-12-13,GOOGL,$GOOGL stock fell 4% this week. Here's what we see in our data. - Quiver Quantitative,Quiver Quantitative,-0.005353299234149622,DOWN
2025-11-19,GOOGL,"GOOG News Today, Nov 19: Alphabet’s Stock Sees Major Surge Amid Market - Meyka",Meyka,-0.011474964973761326,DOWN
2025-12-11,GOOGL,Buy Or Sell Google Stock? - Forbes,Forbes,-0.010050200699258216,DOWN
2025-12-09,GOOGL,Alphabet Stock Jumped 13.9% In November. What's Next? - The Motley Fool,The Motley Fool,0.009871341665706579,UP
2025-10-24,GOOGL,Great News for Alphabet Stock Investors! - Nasdaq,Nasdaq,0.03597242410613788,UP
2025-12-11,GOOGL,Alphabet: 'Code Red' Is Why I Am Going All-In At The Top (NASDAQ:GOOG) - Seeking Alpha,Seeking Alpha,-0.010050200699258216,DOWN
2025-10-13,GOOGL,Prediction: Alphabet (GOOG)(GOOGL) Will Soar Over the Next 5 Years. Here's 1 Reason Why. - Yahoo Finance,Yahoo Finance,0.005324588786037365,UP
2025-08-14,GOOGL,Alphabet Inc. Stock (GOOGL) Opinions on Q2 Earnings and DOJ Case - Quiver Quantitative,Quiver Quantitative,0.004730443347750413,NEUTRAL
2025-12-15,GOOGL,"Alphabet's AI Chops Caught Up, But The Stock Needs A Reset (NASDAQ:GOOG) (NASDAQ:GOOGL) - Seeking Alpha",Seeking Alpha,-0.005353299234149622,DOWN
2025-10-16,GOOGL,"Google, IBD Stock Of The Day, Closing In On AI Winner's Circle - Investor's Business Daily",Investor's Business Daily,0.007317302723738317,UP
2025-10-09,GOOGL,Google's stock is up 70%: Can the rally last? - Yahoo Finance,Yahoo Finance,-0.020535746515027986,DOWN
2025-10-21,GOOGL,GOOGL Stock On Fire: Up 8% With 6-Day Winning Streak - Forbes,Forbes,0.004910988972602448,NEUTRAL
2025-11-27,GOOGL,"GOOGL News Today, Nov 27: AI Innovations Propel Google’s Stock Surge - Meyka",Meyka,-0.01652191744239284,DOWN
2025-10-22,GOOGL,"Google Stock Climbs Amid Anthropic Cloud Talks, Quantum Advances - Investor's Business Daily",Investor's Business Daily,0.00552263671369535,UP
2025-11-10,GOOGL,Think It's Too Late to Buy Alphabet (Google) Stock? Here's the 1 Reason Why There's Still Time. - The Motley Fool,The Motley Fool,0.004170937378253692,NEUTRAL
2025-10-27,GOOGL,Should You Buy Alphabet Stock Before Oct. 29? - The Motley Fool,The Motley Fool,-0.006684644958969366,DOWN
2025-11-29,GOOGL,Is This the Undiscussed Reason Buffett Just Bought Alphabet (Google) Stock? - The Motley Fool,The Motley Fool,0.002921572280305318,NEUTRAL
2025-11-24,GOOGL,"Alphabet Stock: The ""Missed AI"" Narrative Is Officially Dead (NASDAQ:GOOG) - Seeking Alpha",Seeking Alpha,0.015255255140113944,UP
2025-12-01,GOOGL,Trillion-Dollar Companies Now Go To 11; Google Is No. 3 - Investor's Business Daily,Investor's Business Daily,0.002921572280305318,NEUTRAL
2025-10-21,GOOGL,Alphabet (GOOGL) Stock Moves -2.37%: What You Should Know - Yahoo Finance,Yahoo Finance,0.004910988972602448,NEUTRAL
2025-11-04,GOOGL,This One Number Will Take Google Stock Higher - The Motley Fool,The Motley Fool,0.02439284166801814,UP
2025-12-02,GOOGL,"Google’s lawsuit, Kalshi’s latest valuation, Eventbrite’s exit: Stock Market News - thestreet.com",thestreet.com,0.012095983860288984,UP
2025-10-17,GOOGL,Alphabet VP O’Toole sells $694k in GOOGL stock - Investing.com,Investing.com,0.012830588752420269,UP
2025-11-14,GOOGL,Warren Buffett's Berkshire Hathaway reveals new $4.3 billion Alphabet (GOOGL) stock holding - Shacknews,Shacknews,0.031149374212974257,UP
2025-11-13,GOOGL,Why Alphabet Stock Is Sinking Today - The Motley Fool,The Motley Fool,-0.007753928185205039,DOWN
2025-11-22,GOOGL,"GOOG Stock Price Prediction: Where Alphabet Could Be by 2025, 2026, and 2030 - Yahoo Finance",Yahoo Finance,0.015255255140113944,UP
2025-12-08,GOOGL,Can Google Stock Hit $400 in 2026? - Barchart.com,Barchart.com,0.010710140693894532,UP
2025-12-07,GOOGL,"Here's Why Alphabet Is the Best-Performing ""Magnificent Seven"" Stock in 2025 (and Why It Has Room to Run in 2026) - The Motley Fool",The Motley Fool,0.010710140693894532,UP
2025-12-26,GOOGL,ADBE vs. GOOGL: Which AI-Driven Tech Stock Has an Edge Now? - Zacks Investment Research,Zacks Investment Research,0.00015944560432412658,NEUTRAL
2025-11-24,GOOGL,Why Is Alphabet (GOOGL) Stock Jumping Today? - TradingView — Track All Markets,TradingView — Track All Markets,0.015255255140113944,UP
2025-10-20,GOOGL,This Wall Street Firm Says Alphabet Stock Is A Better Bet Than Meta. Here's Why. - Investopedia,Investopedia,-0.02373804253829992,DOWN
2025-11-25,GOOGL,"GOOGL News Today, Nov 25: Google Stock Rises Amidst AI and Cloud Focus - Meyka",Meyka,-0.010790201324564874,DOWN
2025-09-27,GOOGL,Alphabet (GOOGL) Stock Reiterated Neutral After Gemini Chrome Integration - Yahoo Finance,Yahoo Finance,-0.0038926134690757674,NEUTRAL
2025-09-23,GOOGL,Is Google Stock a Buy at New All-Time Highs? - Barchart.com,Barchart.com,-0.017960735247747994,DOWN
2025-11-01,GOOGL,Alphabet Stock: Rally Catches Up To Reality (NASDAQ:GOOG) - Seeking Alpha,Seeking Alpha,-0.021782052468770408,DOWN
2025-11-24,GOOGL,"S&P 500 rips 1.6% higher, Nasdaq posts best day since May as Alphabet reignites AI trade - CNBC",CNBC,0.015255255140113944,UP
2025-11-21,GOOGL,Amazon And Google's 'OpenAI Dilemma' Sparks Debate On Wall Street After AI Cloud Deals - Investor's Business Daily,Investor's Business Daily,0.06313819444727531,UP
2025-10-27,GOOGL,"Google: Too Far, Too Fast (NASDAQ:GOOGL) - Seeking Alpha",Seeking Alpha,-0.006684644958969366,DOWN
2025-10-24,GOOGL,"Buy, Sell or Hold GOOGL Stock Before Q3 Earnings? Here's What to Know - Zacks Investment Research",Zacks Investment Research,0.03597242410613788,UP
2025-10-09,GOOGL,Google Launches Gemini Enterprise As Tech Giants Race To Offer AI Agents - Investor's Business Daily,Investor's Business Daily,-0.020535746515027986,DOWN
2025-11-26,GOOGL,"GOOGL Stock News Today, Nov 26: Google Stock Surges Amid AI and Cloud - Meyka",Meyka,0.0007187941819570831,NEUTRAL
2025-12-03,GOOGL,Cathie Wood Is Buying Up Google Stock at Record Highs. Should You? - Barchart.com,Barchart.com,-0.0062885564724237675,DOWN
2025-12-02,GOOGL,Alphabet VP O’Toole sells $302k in GOOGL stock - Investing.com,Investing.com,0.012095983860288984,UP
2025-11-20,GOOGL,Alphabet's record-high stock rally continues amid AI enthusiasm; unveils $2B data center (GOOG:NASDAQ) - Seeking Alpha,Seeking Alpha,0.03527373218836982,UP
2025-09-25,GOOGL,"Google Shakes Up Cryptocurrency, Digital Payments With AI Agents Protocol - Investor's Business Daily",Investor's Business Daily,0.0030513935556579774,NEUTRAL
2025-11-24,GOOGL,Google Stock Is No Longer Cheap as Alphabet’s Gemini 3 Is ‘Kind of a Wow’ - TipRanks,TipRanks,0.015255255140113944,UP
2025-10-20,GOOGL,3 Reasons Why You Should Buy Alphabet Stock Before Oct. 29 - The Motley Fool,The Motley Fool,-0.02373804253829992,DOWN
2025-11-19,GOOGL,"Google Stock Hits $300 For First Time Ever After Announcing Gemini 3, Waymo Expansion - Stocktwits",Stocktwits,-0.011474964973761326,DOWN
2025-12-01,GOOGL,"As Google Locks Down a Multimillion-Dollar NATO Deal, Should You Buy, Sell, or Hold GOOGL Stock? - Barchart.com",Barchart.com,0.002921572280305318,NEUTRAL
2025-11-19,GOOGL,Alphabet (GOOGL) stock jumps over 6% to hit $300 for the first time in history as Gemini 3 powers Alphabet - The Economic Times,The Economic Times,-0.011474964973761326,DOWN
2025-12-02,META,Meta Platforms (META) Increased Its Capex Estimation in 2026. Here’s Why - Yahoo Finance,Yahoo Finance,-0.01159018510124088,DOWN
2025-12-23,META,Meta Stock Price Target Trimmed By Analyst. Can 'Wounded Sentiment' Recover In 2026? - Investor's Business Daily,Investor's Business Daily,0.003925144136282421,NEUTRAL
2025-11-09,META,Huge News for Meta Stock Investors - Nasdaq,Nasdaq,-0.007407814938252266,DOWN
2025-11-09,META,Huge News for Meta Stock Investors - The Motley Fool,The Motley Fool,-0.007407814938252266,DOWN
2025-12-01,META,"Why Meta’s stock may be ready to rally 70%, despite Zuckerberg’s massive AI-spending plans - MarketWatch",MarketWatch,0.009721147405932218,UP
2025-10-30,META,"Meta stock has worst day in 3 years, dropping 11% on higher AI spend - CNBC",CNBC,-0.027188006906345485,DOWN
2025-12-14,META,"Meta (META) Stock Pops Following Metaverse Cuts Announcement – Could it Hit $1,000 In 2026? - Yahoo Finance",Yahoo Finance,0.014887823358787688,UP
2025-12-30,META,Meta Stock Rises On Manus AI Acquisition. Deal Seen As Having 'Transformative' Potential. - Investor's Business Daily,Investor's Business Daily,,NEUTRAL
2025-12-04,META,Meta stock climbs 3% on report of planned metaverse cuts - CNBC,CNBC,0.017973390893688768,UP
2025-12-02,META,Is Meta Stock a Buy After Its AI Spending Spree? - Yahoo Finance,Yahoo Finance,-0.01159018510124088,DOWN
2025-12-18,META,Meta Stock Tests Key Level. Analyst Sees Chance For Facebook Parent To Shake AI Worries. - Investor's Business Daily,Investor's Business Daily,-0.008548412328136856,DOWN
2025-12-30,META,"Street analyst reveals 3 AI stocks set to dominate 2026 – plus, Meta’s next move - CNBC",CNBC,,NEUTRAL
2025-11-05,META,"Meta Stock Dips as AI Spending Hits Margins, Triggers Short-Term Selloff - Yahoo Finance",Yahoo Finance,-0.02674741141844028,DOWN
2025-10-30,META,Meta stock plunges more than 10% as analysts cut price targets on sky-high AI spending - Yahoo Finance,Yahoo Finance,-0.027188006906345485,DOWN
2025-12-01,META,Is Meta Platforms Stock a Buy Below $650? - Yahoo Finance,Yahoo Finance,0.009721147405932218,UP
2025-12-04,META,ChatGPT Thinks Meta Stock Price Will Close At This Level By The End of 2025 - Yahoo Finance,Yahoo Finance,0.017973390893688768,UP
2025-10-06,META,Is Meta Stock a Buy or a Sell as ‘AI Bubble’ Chatter Grows? - Yahoo Finance,Yahoo Finance,-0.003605040638220869,NEUTRAL
2025-10-30,META,Meta Stock Plummets as Investors Horrified at How Much Zuckerberg Is Spending on Misfired AI - Yahoo Finance,Yahoo Finance,-0.027188006906345485,DOWN
2025-11-28,META,Jim Cramer Says “Meta’s Been Quiet” - Yahoo Finance,Yahoo Finance,-0.010926844959189719,DOWN
2025-11-19,META,Is Meta Stock a Buy or a Sell Before Michael Burry Drops His Bombshell on November 25? - Yahoo Finance,Yahoo Finance,-0.001981907757730994,NEUTRAL
2025-10-31,META,Opinion: Meta Stock’s Post-Earnings Plunge is a Golden Opportunity to Buy - Yahoo Finance,Yahoo Finance,-0.016410823155651455,DOWN
2025-12-28,META,The Next Stock-Split Stock That Could Make You Rich - The Motley Fool,The Motley Fool,0.011021891540354378,UP
2025-10-21,META,Meta Stock Took A Hit After Red-Hot Run. Why These Analysts Remain Bullish. - Investor's Business Daily,Investor's Business Daily,0.00019085136369167977,NEUTRAL
2025-11-06,META,Why Meta Platforms Stock Fell 12% in October - Yahoo Finance,Yahoo Finance,0.004475423463764727,NEUTRAL
2025-12-17,META,Is Meta Stock Primed for a Comeback in 2026? - The Motley Fool,The Motley Fool,0.02301772472214214,UP
2025-11-03,META,Meta Stock Up 8% — Why Zuckerberg’s Innovation Drought May Sink $META - Forbes,Forbes,-0.016292763211145256,DOWN
2025-12-04,META,Meta stock surges after Zuckerberg plans deep cuts to metaverse efforts - Investing.com,Investing.com,0.017973390893688768,UP
2025-11-04,META,Evercore ISI Reduces PT on Meta Platforms (META) Stock - Yahoo Finance,Yahoo Finance,0.013756964098529334,UP
2025-11-03,META,"Meta's Stock Dropped, but Its AI Strategy May Be Stronger Than Ever - Yahoo Finance",Yahoo Finance,-0.016292763211145256,DOWN
2025-12-04,META,"Meta (META) Stock Is Up, What You Need To Know - Yahoo Finance",Yahoo Finance,0.017973390893688768,UP
2025-12-04,META,Meta Stock Jumps On Report That Zuckerberg Wants 'Deep Cuts' For Metaverse Budget - Investor's Business Daily,Investor's Business Daily,0.017973390893688768,UP
2025-12-17,META,"Meta’s stock could soar in the next 6 months, along with these under-the-radar picks - MarketWatch",MarketWatch,0.02301772472214214,UP
2025-11-30,META,Meta stock: 3 important things investors need to know before buying - Yahoo Finance UK,Yahoo Finance UK,0.009721147405932218,UP
2025-12-04,META,Meta Faces EU Antitrust Probe Over WhatsApp AI Policies It Says Blocks Rival Apps - Investor's Business Daily,Investor's Business Daily,0.017973390893688768,UP
2025-10-30,META,S&P 500 Gains and Losses Today: Meta Stock Drops After Earnings; Moderna Surges - Investopedia,Investopedia,-0.027188006906345485,DOWN
2025-10-11,META,"META Stock Target Raised to $900 by Citizens, Citing Strong AI-Driven Growth - Yahoo Finance",Yahoo Finance,-0.009850489989606914,DOWN
2025-11-05,META,Should You Buy Meta Platforms Stock on the Dip? - Yahoo Finance,Yahoo Finance,-0.02674741141844028,DOWN
2025-02-14,META,Meta stock continues record run: 'Prime example' of implementing AI - Yahoo Finance,Yahoo Finance,-0.027556378126012637,DOWN
2025-10-27,META,Should You Buy Meta Stock Before the Big Investor Update? - The Motley Fool,The Motley Fool,0.0008257799552695566,NEUTRAL
2025-12-05,META,Wall Street loves Meta’s reported metaverse cuts. Most analysts see 20%-plus gain for stock - CNBC,CNBC,-0.009830445808821642,DOWN
2025-11-06,META,Massive News for Meta Platforms Stock Investors - The Motley Fool,The Motley Fool,0.004475423463764727,NEUTRAL
2025-11-03,META,Is Meta a Bargain After This Month’s 8.8% Drop and AI Expansion News? - Yahoo Finance,Yahoo Finance,-0.016292763211145256,DOWN
2025-12-14,META,1 Reason I Will Never Sell Meta Platforms Stock - The Motley Fool,The Motley Fool,0.014887823358787688,UP
2025-10-30,META,Why Meta Stock Is Down Big Today - The Motley Fool,The Motley Fool,-0.027188006906345485,DOWN
2025-10-29,META,Meta stock falls on earnings: 2 reasons investors are spooked - Yahoo Finance,Yahoo Finance,-0.11334759545156259,DOWN
2025-12-26,META,"Meta Platforms Stock (NASDAQ: META) Today: Price, Latest News, Analyst Forecasts, and What to Watch After the Close - ts2.tech",ts2.tech,-0.0069350898375067915,DOWN
2025-12-29,META,Three Catalysts That Can Rally META Stock - Forbes,Forbes,0.011021891540354378,UP
2025-12-25,META,Meta Platforms (NASDAQ: META) Stock Price Prediction for 2026: Where Will It Be in 1 Year (Dec 25) - Yahoo Finance,Yahoo Finance,-0.0069350898375067915,DOWN
2025-11-19,META,Meta Stock Slide Deepens. Here's Another AI Cost To Watch. - Investor's Business Daily,Investor's Business Daily,-0.001981907757730994,NEUTRAL
2025-10-29,META,Here's How Much Traders Expect Meta Stock To Move After Earnings This Week - Investopedia,Investopedia,-0.11334759545156259,DOWN
2025-12-11,META,Meta In 2026: Can Zuckerberg Win Back Wall Street? - Investor's Business Daily,Investor's Business Daily,-0.012991977940506216,DOWN
2025-11-27,META,History Says Now Is the Perfect Time to Buy Meta Stock - Yahoo Finance,Yahoo Finance,-0.010926844959189719,DOWN
2025-11-28,META,How Meta Stock Can Surge? - Forbes,Forbes,-0.010926844959189719,DOWN
2025-12-12,META,Will Meta Stock Rebound From $650? - Forbes,Forbes,0.005911081279098118,UP
2025-12-29,META,"Ranking the Best ""Magnificent Seven"" Stocks to Buy for 2026. Here's My No. 3 - The Motley Fool",The Motley Fool,0.011021891540354378,UP
2025-11-03,META,"Meta's Stock Dropped, but Its AI Strategy May Be Stronger Than Ever - The Motley Fool",The Motley Fool,-0.016292763211145256,DOWN
2025-11-24,META,"Meta (META) Stock Trades Up, Here Is Why - TradingView — Track All Markets",TradingView — Track All Markets,0.03779454138520566,UP
2025-12-30,META,Meta Stock Rises After Buying Manus. What the China-Founded AI Start-Up Brings. - Barron's,Barron's,,NEUTRAL
2025-11-11,META,Why Is Wall Street So Bearish on Meta? There's 1 Key Reason. - The Motley Fool,The Motley Fool,-0.028816135118604147,DOWN
2025-10-29,META,Meta Platforms stock sinks after booking $16B one-time charge in Q3 (META:NASDAQ) - Seeking Alpha,Seeking Alpha,-0.11334759545156259,DOWN
2025-12-28,META,Meta stock ends lower as New York warning-label law and teen-user leak renew scrutiny - ts2.tech,ts2.tech,0.011021891540354378,UP
2025-10-29,META,Meta Stock On Winning Streak With Earnings Due. This Number Takes 'Center Stage.' - Investor's Business Daily,Investor's Business Daily,-0.11334759545156259,DOWN
2025-11-07,META,Meta Stock Falls Again As Social Media Giant Replaces Amazon As Magnificent Seven Laggard - Investor's Business Daily,Investor's Business Daily,0.016165091145470045,UP
2025-10-08,META,Meta Platforms Stock Investors: Circle This Date on Your Calendar - The Motley Fool,The Motley Fool,0.021829285384419306,UP
2025-11-03,META,Should You Buy Meta Stock While It's Under $700? - The Motley Fool,The Motley Fool,-0.016292763211145256,DOWN
2025-11-18,META,"Meta Wins FTC's Instagram, WhatsApp Antitrust Trial. Meta Stock Slump Drags On. - Investor's Business Daily",Investor's Business Daily,-0.012330839577772035,DOWN
2025-11-14,META,Meta Stock Has Taken a Massive Hit. Time to Buy? - The Motley Fool,The Motley Fool,-0.012224002270764589,DOWN
2025-07-24,META,Meta Stock Takes A Breathtaking Leap. What's In Mark Zuckerberg's Facebook AI Vision? - Investor's Business Daily,Investor's Business Daily,-0.002965747966922061,NEUTRAL
2025-12-08,META,Meta Platforms Stock Jumps on Metaverse Spending Cuts. Here's Why the Growth Stock Is a Screaming Buy Before 2026 - The Motley Fool,The Motley Fool,-0.014756940945486408,DOWN
2025-12-30,META,Meta Stock Is Climbing -- Big Bet on AI Agents with $2 Billion Acquisition - Yahoo Finance,Yahoo Finance,,NEUTRAL
2025-12-11,META,Meta stock price target reiterated at $900 by Citizens on Instagram growth - Investing.com,Investing.com,-0.012991977940506216,DOWN
2025-10-24,META,Interesting News for Meta Platforms Stock Investors - The Motley Fool,The Motley Fool,0.016875213858493776,UP
2025-12-27,META,"Meta Stock (META) Weekend Update: New Regulation Headlines, Instagram Teen Focus, and AI Spending Debate Ahead of Monday’s Open - ts2.tech",ts2.tech,0.011021891540354378,UP
2025-10-10,META,Meta stock rises as Citizens reiterates Market Outperform rating - Investing.com,Investing.com,0.01474552100090265,UP
2025-10-07,META,Meta (META) Rebounds After Europe Legal Shock -- What's Next for Investors - Yahoo Finance,Yahoo Finance,0.006675328960725091,UP
2025-12-12,META,"Meta (META) Stock News Today: Analyst Targets, AI Spending Debate and 2026 Outlook (Dec. 12, 2025) - ts2.tech",ts2.tech,0.005911081279098118,UP
2025-11-13,META,Meta Stock Is a ‘Best Idea’ After Slump. Why It Can Gain 50%. - Barron's,Barron's,-0.0007050072138292673,NEUTRAL
2025-11-18,META,Meta’s stock has been under heavy pressure. Now the company is undergoing a shakeup. - MarketWatch,MarketWatch,-0.012330839577772035,DOWN
2025-11-12,META,"Down 17% in days, this top S&P 500 stock now looks on sale to me - Yahoo Finance UK",Yahoo Finance UK,0.0014449508916298814,NEUTRAL
2025-12-15,META,META Down 19% From 52-Week High: What Awaits the Stock in 2026? - Yahoo Finance,Yahoo Finance,0.014887823358787688,UP
2025-10-21,META,Meta stock price target maintained at $900 by BofA on strong ad outlook - Investing.com,Investing.com,0.00019085136369167977,NEUTRAL
2025-11-11,META,Meta stock falls on news AI chief scientist plans exit - Investing.com,Investing.com,-0.028816135118604147,DOWN
2025-11-25,META,Meta Is Reportedly Exploring a Massive AI Chip Deal. Is This Good News for Its Stock? - The Motley Fool,The Motley Fool,-0.0041023172278793485,NEUTRAL
2025-11-29,META,$META stock rose 9% this week. Here's what we see in our data. - Quiver Quantitative,Quiver Quantitative,0.009721147405932218,UP
2025-11-05,META,"1 Incredible Reason to Buy Stock in Mark Zuckerberg's Company, Meta Platforms (META), in November - The Motley Fool",The Motley Fool,-0.02674741141844028,DOWN
2025-12-29,META,Meta stock slips as year-end tech selling hits megacaps — what investors are watching next - ts2.tech,ts2.tech,0.011021891540354378,UP
2025-11-08,META,My Advice? Don't Get Distracted By Meta Platforms Stock's Latest Slump - The Motley Fool,The Motley Fool,-0.007407814938252266,DOWN
2025-11-10,META,Meta CEO Mark Zuckerberg Just Delivered Fantastic News for Nvidia Investors - The Motley Fool,The Motley Fool,-0.007407814938252266,DOWN
2025-11-03,META,"Amazon Stock Rises, Meta Falls: Q3 Earnings Show Split Paths in AI and Clean Energy - CarbonCredits.com",CarbonCredits.com,-0.016292763211145256,DOWN
2025-10-30,META,'We expect to invest aggressively': Meta stock tumbles as tax hit and AI spending spree rattle investors - Fast Company,Fast Company,-0.027188006906345485,DOWN
2025-10-30,META,BofA Securities lowers Meta stock price target to $810 from $900 - Investing.com,Investing.com,-0.027188006906345485,DOWN
2025-12-22,META,"Meta Platforms Stock (META) News Today: Price, Forecasts and Analysis as AI Spending Meets EU Privacy Pressure (Dec. 22, 2025) - ts2.tech",ts2.tech,0.005200306033871893,UP
2025-10-13,META,Meta stock price target maintained at $900 by Citizens on Instagram growth - Investing.com,Investing.com,-0.009850489989606914,DOWN
2025-11-17,META,Should You Buy the Dip on Meta Stock? - The Motley Fool,The Motley Fool,-0.007175940159674599,DOWN
2025-10-30,META,"Stock Market News, Oct. 30, 2025: Nasdaq Dragged Lower by Meta, Microsoft Earnings - The Wall Street Journal",The Wall Street Journal,-0.027188006906345485,DOWN
2025-11-05,META,Should You Buy Meta Platforms Stock on the Dip? - The Motley Fool,The Motley Fool,-0.02674741141844028,DOWN
2025-10-30,META,"Stocks close lower, with Nasdaq down 1.6% as Big Tech leaders Meta and Microsoft decline after earnings - CNBC",CNBC,-0.027188006906345485,DOWN
2025-12-02,META,Meta Shares Reels Tips for Marketers - Social Media Today,Social Media Today,-0.01159018510124088,DOWN
2025-11-14,META,Should Investors Buy Meta Stock Instead of Alphabet Stock? - The Motley Fool,The Motley Fool,-0.012224002270764589,DOWN
2025-11-04,META,Meta Platforms Shares Fall Despite Strong Revenue Growth. Is It Time to Buy the Stock on the Dip? - The Motley Fool,The Motley Fool,0.013756964098529334,UP
